name;frameTime;pcm_fftMag_mfcc[0];pcm_fftMag_mfcc[1];pcm_fftMag_mfcc[2];pcm_fftMag_mfcc[3];pcm_fftMag_mfcc[4];pcm_fftMag_mfcc[5];pcm_fftMag_mfcc[6];pcm_fftMag_mfcc[7];pcm_fftMag_mfcc[8];pcm_fftMag_mfcc[9];pcm_fftMag_mfcc[10];pcm_fftMag_mfcc[11];pcm_fftMag_mfcc[12];pcm_fftMag_mfcc[13];pcm_fftMag_mfcc[14];pcm_fftMag_mfcc[15];pcm_fftMag_mfcc[16];pcm_fftMag_mfcc[17];pcm_fftMag_mfcc[18];pcm_fftMag_mfcc[19];pcm_fftMag_mfcc[20];pcm_fftMag_mfcc_de[0];pcm_fftMag_mfcc_de[1];pcm_fftMag_mfcc_de[2];pcm_fftMag_mfcc_de[3];pcm_fftMag_mfcc_de[4];pcm_fftMag_mfcc_de[5];pcm_fftMag_mfcc_de[6];pcm_fftMag_mfcc_de[7];pcm_fftMag_mfcc_de[8];pcm_fftMag_mfcc_de[9];pcm_fftMag_mfcc_de[10];pcm_fftMag_mfcc_de[11];pcm_fftMag_mfcc_de[12];pcm_fftMag_mfcc_de[13];pcm_fftMag_mfcc_de[14];pcm_fftMag_mfcc_de[15];pcm_fftMag_mfcc_de[16];pcm_fftMag_mfcc_de[17];pcm_fftMag_mfcc_de[18];pcm_fftMag_mfcc_de[19];pcm_fftMag_mfcc_de[20];pcm_fftMag_mfcc_de_de[0];pcm_fftMag_mfcc_de_de[1];pcm_fftMag_mfcc_de_de[2];pcm_fftMag_mfcc_de_de[3];pcm_fftMag_mfcc_de_de[4];pcm_fftMag_mfcc_de_de[5];pcm_fftMag_mfcc_de_de[6];pcm_fftMag_mfcc_de_de[7];pcm_fftMag_mfcc_de_de[8];pcm_fftMag_mfcc_de_de[9];pcm_fftMag_mfcc_de_de[10];pcm_fftMag_mfcc_de_de[11];pcm_fftMag_mfcc_de_de[12];pcm_fftMag_mfcc_de_de[13];pcm_fftMag_mfcc_de_de[14];pcm_fftMag_mfcc_de_de[15];pcm_fftMag_mfcc_de_de[16];pcm_fftMag_mfcc_de_de[17];pcm_fftMag_mfcc_de_de[18];pcm_fftMag_mfcc_de_de[19];pcm_fftMag_mfcc_de_de[20]
'unknown';0.000000;-2.203997e+001;8.151743e+000;-1.067972e+001;-6.934814e+000;-2.504554e+001;-2.253161e+001;-9.186684e+000;2.826485e+000;-1.544122e+000;1.183047e+000;5.717304e-002;7.998260e+000;7.110769e+000;8.463054e-001;-3.833220e+000;-3.316244e+000;-2.317088e+000;-5.079878e+000;-4.057627e+000;-3.339388e+000;8.122757e+001;2.809988e-001;-5.177275e+000;-4.031663e+000;8.328472e-001;5.077555e+000;1.152716e+000;-4.962977e+000;-4.803270e+000;-2.540137e-001;6.878386e-001;-4.864974e+000;3.821927e-001;1.439738e+000;1.239189e+000;2.604767e+000;1.363126e+000;9.410419e-001;-1.306135e+000;-8.736846e-001;7.991102e-001;1.797249e+000;7.251958e-002;-2.637264e-001;2.446733e-001;3.422650e-001;1.397451e-001;-8.725257e-001;6.285903e-001;5.906401e-001;-9.987018e-002;-2.099776e+000;-2.475118e-001;-1.909013e-001;-5.679085e-001;-7.250344e-001;-3.230492e-001;-6.448609e-001;-3.765635e-001;4.172713e-001;5.857041e-001;-1.605781e-001;1.376742e-001
'unknown';0.010000;-2.020916e+001;-3.269470e+000;-2.217271e+001;-7.958076e+000;-6.710844e+000;-1.292991e+001;-1.785884e+001;-9.638193e-001;2.751915e+000;9.105437e+000;-6.190475e+000;1.063018e+001;3.544266e+000;4.329314e+000;3.777694e+000;3.786927e+000;2.046415e+000;-6.476394e+000;-8.839944e+000;-1.367205e+000;8.550150e+001;3.216696e-001;-6.355340e+000;-4.367243e+000;1.452066e+000;6.540781e+000;-5.147865e-001;-5.247241e+000;-4.671957e+000;-6.612321e-001;-3.483875e+000;-5.415525e+000;6.056429e-001;6.585068e-001;9.080865e-002;2.818735e+000;-5.342069e-001;1.685405e-001;-2.996778e-001;2.062765e-001;4.639332e-001;2.378071e+000;-4.576953e-001;7.588301e-001;1.438036e+000;9.296441e-002;-9.982986e-001;-4.387360e-001;1.927646e+000;1.527954e+000;4.264801e-001;-2.785337e+000;2.216728e-001;-7.905254e-001;-1.301266e+000;-1.290573e+000;-5.222082e-001;-7.268273e-001;-4.982949e-001;7.041950e-001;8.141809e-001;-1.911479e-001;1.240605e-001
'unknown';0.020000;-2.155038e+001;-1.202402e+001;-2.509154e+001;-2.258948e+000;-8.825109e+000;-2.156888e+001;-2.966549e+001;-1.929471e+001;-4.962209e+000;6.610450e-001;-2.114387e+001;8.593266e+000;1.609271e+001;5.300748e+000;5.385159e+000;-5.220056e-002;2.063708e-001;-1.091229e+001;-6.034891e+000;-3.299283e-001;8.807685e+001;6.232613e-001;-5.906874e+000;-2.640506e+000;2.234563e+000;5.044668e+000;-2.376162e+000;-1.677894e+000;-1.915726e+000;-5.497553e-001;-7.725184e+000;-5.827257e+000;-6.840390e-001;-1.009190e+000;-1.811792e+000;8.825372e-001;-9.125128e-001;-5.555248e-001;2.769933e-001;1.514855e+000;1.638082e-001;2.195209e+000;-5.010182e-001;2.158878e+000;2.417436e+000;-6.069056e-001;-2.644767e+000;7.702879e-001;2.700883e+000;1.346578e+000;7.207831e-001;-1.062103e+000;1.408238e+000;-1.802536e+000;-2.107402e+000;-1.322429e+000;-9.957034e-001;-7.736722e-001;-9.114103e-002;9.164174e-001;5.361484e-001;-1.274813e-001;2.507197e-001
'unknown';0.030000;-2.067641e+001;-1.353708e+001;-2.531003e+001;-2.012419e+000;-4.518467e-001;-2.558691e+001;-2.518349e+001;-9.472699e+000;-3.141239e+000;-1.597533e+001;-1.641993e+001;1.072897e+001;5.912333e+000;-9.268728e-001;5.651266e+000;-7.619299e+000;-2.736114e+000;-3.662060e+000;-2.037612e+000;-2.524451e+000;8.969328e+001;-2.178609e+000;-1.018325e+000;2.462939e+000;5.968116e-001;1.025058e-001;7.234743e-001;3.032711e+000;1.392728e+000;2.026258e+000;-9.032337e+000;-3.275468e+000;-3.037319e+000;-3.842131e+000;-3.688185e+000;8.548414e-001;-1.133192e+000;-8.021494e-001;1.423277e+000;2.002950e+000;1.610218e-001;2.218571e+000;4.292523e-001;3.801693e+000;3.459823e+000;-8.313118e-001;-4.202697e+000;1.408615e+000;2.289196e+000;-6.851228e-001;7.345960e-002;2.890169e+000;2.779731e+000;-2.107989e+000;-1.111454e+000;-1.958431e-002;-1.053423e+000;-3.531881e-001;3.185238e-001;3.888808e-001;-2.740574e-001;1.853582e-002;8.477612e-001
'unknown';0.040000;-1.869003e+001;-1.624882e+001;-2.231359e+001;1.265170e+000;-2.951697e+000;-2.808392e+001;-1.391383e+001;-2.497707e+000;-1.346322e+000;-2.490250e+001;-2.396438e+001;4.528667e+000;8.807872e-001;-5.584561e+000;-3.573197e-001;-2.175694e+000;-2.703447e+000;-5.102079e+000;1.154836e-001;-1.941723e+000;9.010772e+001;-9.739525e-001;2.948607e+000;4.640426e+000;-1.774053e+000;-4.927143e+000;4.385025e+000;4.401464e+000;-1.102723e+000;2.006156e+000;-1.848445e+000;1.106186e+000;-6.809007e+000;-6.846951e+000;-3.483457e+000;-1.391803e+000;-2.205743e+000;9.706818e-001;2.414475e+000;9.087211e-001;3.131596e-001;3.130597e+000;2.187428e+000;3.809668e+000;3.046666e+000;-5.699986e-001;-3.653884e+000;1.253011e+000;8.460081e-001;-2.456800e+000;-6.775680e-001;5.408088e+000;3.627191e+000;-6.560645e-001;3.843199e-001;1.193673e+000;-5.769666e-001;-4.167464e-001;2.440226e-001;-1.071243e-001;-9.170038e-001;1.383518e-001;1.861339e+000
'unknown';0.050000;-3.253238e+001;-6.248695e+000;-1.124699e+001;-6.736077e+000;-9.135020e+000;-6.055020e+000;-1.057112e+001;-2.398682e+000;1.107526e+001;-2.327448e+001;-2.115756e+001;-2.524119e+000;-8.060431e+000;-8.668960e+000;1.092314e+001;-8.172856e-001;-5.094229e-001;-2.265118e+000;-1.900383e+000;2.438020e-001;9.557892e+001;3.266538e+000;8.225385e+000;9.291405e+000;-7.001854e-001;-9.486797e+000;3.147694e+000;3.159060e+000;-8.504072e+000;-1.571890e+000;8.028599e+000;5.016408e+000;-6.871819e+000;-1.979880e+000;8.287196e-001;-1.311209e+000;-1.653532e+000;9.980564e-001;5.759853e-001;-8.609434e-001;4.819366e-001;6.149183e+000;4.052251e+000;1.224615e+000;1.484161e+000;7.706844e-002;-1.884393e+000;-7.636815e-002;-7.017572e-001;-1.266107e+000;-1.698822e+000;4.817756e+000;2.479769e+000;1.671117e+000;1.685628e+000;1.068221e+000;-3.844836e-001;-2.981617e-002;5.387591e-002;-7.345737e-001;-7.879366e-001;1.957974e-001;2.492472e+000
'unknown';0.060000;-2.049216e+001;-9.251807e-001;-8.920933e+000;-8.767385e+000;-2.911924e+001;-9.409698e+000;-1.496435e+001;-2.834534e+001;-2.039677e+000;-4.931606e+000;-1.324413e+001;-1.882523e+001;-1.115566e+001;-8.245495e+000;-4.209794e+000;-1.448192e+001;3.946434e+000;4.616115e-001;-1.559900e+000;-1.482572e-001;1.007870e+002;8.837825e+000;8.519613e+000;9.178591e+000;3.306792e-002;-8.430102e+000;2.676786e+000;2.488972e+000;-9.251328e+000;-2.138521e+000;1.078479e+001;8.162761e+000;-2.047111e+000;-1.871573e-002;1.898119e+000;-9.192705e-001;-2.736075e+000;-2.355146e-001;1.650175e-001;-1.638217e+000;6.951098e-001;9.536598e+000;2.902712e+000;-1.905594e+000;1.846719e-001;-9.938173e-002;9.174894e-001;-8.651811e-001;-1.117499e+000;3.354369e+000;-1.464486e+000;1.286294e+000;-7.175838e-001;3.937915e+000;1.753303e+000;-2.860602e-001;1.020287e+000;5.274654e-001;-1.214470e-002;-1.244572e+000;-1.359492e-001;3.050730e-001;2.291625e+000
'unknown';0.070000;-3.442658e+000;1.992802e+001;1.445067e+001;-4.970678e-001;-3.480206e+001;-1.918555e+001;-8.862925e+000;-3.906924e+001;-1.065401e+001;1.418222e+001;3.301979e+000;-1.195318e+001;2.031158e+000;4.547192e+000;1.021459e+000;-9.733846e+000;-1.070773e+000;-3.563978e+000;-5.504637e+000;-1.011501e+000;1.150995e+002;1.317676e+001;2.319248e+000;7.614660e+000;7.859316e-002;-7.567978e+000;1.195753e+000;4.801706e-001;-8.635031e-001;-4.395514e+000;8.739824e+000;5.595091e+000;2.937318e+000;1.171890e+000;-1.037867e+000;-1.303843e+000;-1.017107e+000;7.032835e-002;-1.124863e+000;-6.632642e-001;9.490339e-001;1.147793e+001;-3.681374e-001;-4.412644e+000;-1.589193e+000;-1.105396e+000;3.072584e+000;-4.658532e-001;-1.376076e+000;7.172582e+000;-8.867717e-001;-2.038552e+000;-4.451563e+000;3.810796e+000;3.088410e-001;-2.127551e+000;1.856182e+000;3.407269e-001;7.176985e-001;-1.203212e+000;5.883387e-001;2.764437e-001;9.466919e-001
'unknown';0.080000;1.095424e+001;1.326089e+001;1.073053e+001;-1.688995e+000;-3.226869e+001;-8.134727e+000;-2.323071e+000;-3.041906e+001;-1.174292e+000;1.029309e+001;4.619652e+000;-9.923599e-001;-4.258586e+000;-2.702040e+000;-2.831924e-003;-1.139779e+001;-3.600345e+000;-3.627561e+000;-6.273475e+000;2.161478e+000;1.280304e+002;8.584500e+000;-3.626297e+000;6.402158e+000;-2.660351e+000;-1.299105e+000;1.035089e+000;1.534130e-001;1.184884e+001;-3.904462e+000;4.227410e+000;-2.771075e+000;7.976001e+000;3.436773e-001;-3.980464e+000;3.705948e+000;1.133712e-001;1.373822e+000;-2.957962e+000;1.301354e-001;1.604976e+000;1.192434e+001;-3.558029e+000;-3.570334e+000;-1.739608e+000;-9.258364e-001;3.189920e+000;-6.858930e-001;-1.966366e+000;6.316162e+000;-6.984593e-001;-2.584315e+000;-6.375745e+000;1.993336e+000;1.005187e-001;-1.963625e+000;2.153617e+000;9.451385e-002;1.380684e+000;-1.243908e+000;7.096659e-001;-5.238696e-002;-7.545872e-001
'unknown';0.090000;1.762820e+001;-1.745488e+000;1.700058e+001;-9.882306e+000;-4.540018e+001;-7.137407e-001;-1.449091e+001;-5.679334e+000;-1.133500e+001;1.281230e+001;-2.113996e+000;3.246037e+000;-5.649520e+000;-1.663002e+001;2.300444e+000;-7.444887e+000;3.615608e+000;-5.844848e+000;-2.859916e+000;3.834104e+000;1.393469e+002;1.552513e+000;-7.764883e+000;2.733657e+000;-4.880456e+000;2.310626e+000;1.639276e+000;-2.553539e+000;1.680875e+001;-5.122778e+000;1.114529e+000;-1.177449e+001;7.170603e+000;-6.168714e-001;-6.869743e+000;5.657091e+000;-1.374621e+000;3.781881e+000;-3.878583e+000;1.196574e+000;1.409222e+000;9.688769e+000;-4.592036e+000;-5.976697e-001;-1.495654e+000;2.877037e-001;2.251472e+000;-1.016913e+000;-1.639802e+000;1.641223e+000;5.861443e-001;-1.860127e+000;-4.501363e+000;2.969765e-001;6.023028e-002;-4.747579e-001;1.327676e+000;-3.378577e-001;7.649742e-001;-6.597628e-001;2.784492e-001;-3.840500e-001;-2.086843e+000
'unknown';0.100000;1.189491e+001;-8.219908e+000;2.181490e+001;-1.737652e+001;-3.031570e+001;-1.347016e+001;-1.138330e+001;1.420390e+001;-2.122149e+001;1.689041e+001;-2.439152e+001;1.345517e+001;-5.596939e+000;-1.755921e+001;1.368045e+001;-1.505955e+001;8.472355e+000;-1.318776e+001;-2.231584e+000;5.453819e+000;1.482851e+002;-3.140200e+000;-4.289990e+000;2.921052e+000;-2.116590e+000;2.580195e+000;-9.744408e-001;-5.826002e+000;1.349335e+001;-5.267186e+000;1.675862e+000;-1.503117e+001;5.802925e+000;1.378258e+000;-5.004069e+000;6.368350e+000;-2.084749e+000;4.812131e+000;-4.677664e+000;9.801930e-001;2.030809e-001;6.658244e+000;-2.711392e+000;1.611678e+000;-9.881735e-001;1.733747e+000;-6.292834e-001;-1.224460e+000;-5.411676e-001;-3.294580e+000;1.497067e+000;-1.090364e+000;2.430523e-001;-8.116035e-001;4.258887e-002;5.623606e-001;-9.957029e-001;5.099488e-001;-6.351295e-001;4.281034e-001;-2.884940e-001;-3.743303e-001;-2.647691e+000
'unknown';0.110000;3.849571e+000;-8.155994e+000;2.257677e+001;-1.705559e+001;-2.422543e+001;-8.321456e+000;-1.710051e+001;2.266302e+001;-2.624430e+001;1.645621e+001;-4.106488e+001;1.667607e+001;-3.840227e-001;-2.237294e+001;2.246527e+001;-1.477607e+001;1.180228e+001;-1.817679e+001;-1.542713e+000;4.388439e+000;1.534161e+002;-3.921075e+000;-3.372537e-001;1.876942e+000;1.245231e+000;1.749734e+000;-2.884049e+000;-4.729130e+000;6.520355e+000;-7.834312e-001;7.149647e-001;-1.078167e+001;5.508739e+000;9.557508e-001;-2.899854e+000;4.003335e+000;-1.607335e+000;2.176045e+000;-3.563826e+000;3.039533e-001;-2.702684e-001;3.676765e+000;-3.699966e-001;2.077749e+000;-1.418450e-002;1.930375e+000;-2.229594e+000;-1.789562e+000;1.706059e+000;-5.050537e+000;1.713498e+000;-4.069524e-001;4.688746e+000;-1.192228e+000;-2.737325e-001;9.862545e-001;-2.422921e+000;1.806242e+000;-1.944452e+000;1.238164e+000;-7.643585e-001;2.734524e-002;-2.267595e+000
'unknown';0.120000;2.142551e+000;-4.983811e+000;2.254770e+001;-8.685306e+000;-2.995509e+001;-9.203074e+000;-3.014828e+001;2.287654e+001;-2.005557e+001;1.685045e+001;-5.106077e+001;2.130725e+001;-4.345957e-005;-2.485093e+001;2.175651e+001;-1.815594e+001;1.636697e+001;-2.084991e+001;-2.031112e+000;2.899714e+000;1.542870e+002;-2.235667e+000;7.182786e-001;1.889648e+000;2.945543e+000;-4.165076e+000;-2.825549e+000;-1.464630e+000;5.201343e-001;1.411199e+000;-1.024630e+000;-2.052222e+000;4.748916e+000;-2.296894e-001;-3.153606e+000;-4.456890e-001;2.779473e+000;-9.989070e-001;-9.748230e-001;-8.660244e-001;5.730692e-001;1.691893e+000;7.921586e-001;9.092582e-001;1.949635e-001;7.256706e-001;-2.122490e+000;-1.814067e+000;3.732400e+000;-4.138206e+000;7.629450e-001;-1.130942e-001;6.381773e+000;-1.896240e+000;-4.262048e-001;6.811870e-001;-2.682182e+000;2.342278e+000;-2.226592e+000;1.639460e+000;-7.439516e-001;3.732544e-001;-1.494512e+000
'unknown';0.130000;2.899008e+000;-5.049805e+000;2.601889e+001;-8.001759e+000;-3.683182e+001;-1.726753e+001;-2.875407e+001;2.258613e+001;-1.583512e+001;1.640710e+001;-4.268773e+001;2.686369e+001;-3.669214e+000;-2.748344e+001;1.827909e+001;-1.393337e+001;1.054852e+001;-1.983290e+001;-1.440386e+000;3.759814e+000;1.547297e+002;-7.497366e-001;1.197272e-001;3.178437e+000;2.240352e+000;-5.464709e+000;-6.382977e+000;3.796067e+000;-1.957324e+000;1.055201e-001;4.300124e-001;5.179767e+000;1.736470e+000;-1.181560e+000;-2.863702e+000;-3.050494e+000;5.224480e+000;-3.034860e+000;4.608172e-001;-1.702110e+000;1.360954e+000;8.339691e-001;9.204925e-001;2.623202e-001;7.465196e-002;7.360907e-002;-1.243538e+000;-1.268390e+000;3.247639e+000;-1.965638e+000;-9.309502e-001;2.914756e-001;4.909785e+000;-2.512288e+000;5.039644e-001;1.058966e+000;-1.858640e+000;1.333005e+000;-9.631925e-001;1.314479e+000;-4.670473e-001;1.455504e-001;-9.884758e-001
'unknown';0.140000;1.191855e+000;-6.181609e+000;2.954208e+001;-7.175723e+000;-4.483788e+001;-2.312487e+001;-1.287967e+001;1.684302e+001;-1.937009e+001;1.179181e+001;-3.384121e+001;3.210594e+001;-5.102790e+000;-3.077199e+001;1.354510e+001;-1.583534e+000;4.104698e+000;-1.723382e+001;-6.612870e+000;8.633477e+000;1.560877e+002;-7.650765e-001;2.781115e-002;3.245122e+000;1.014202e+000;-4.425036e+000;-8.295313e+000;8.573400e+000;-2.958833e+000;-1.896937e+000;1.252867e+000;8.896973e+000;-1.792137e+000;3.158898e-001;-1.616211e+000;-3.515645e+000;6.210733e+000;-3.715375e+000;1.507313e+000;-1.736534e+000;1.253742e+000;6.070831e-001;8.011329e-001;6.385859e-001;-8.337480e-001;3.655736e-001;4.207276e-001;-7.094598e-002;1.100342e+000;-5.183921e-001;-1.173096e+000;6.046759e-001;2.345634e+000;-2.253068e+000;1.091809e+000;2.121903e+000;-8.353956e-001;-8.834106e-001;4.929627e-001;6.650909e-001;8.797906e-002;-4.419031e-001;-1.259449e+000
'unknown';0.150000;5.762362e-001;-6.958459e+000;3.497176e+001;-6.608616e+000;-4.410757e+001;-3.327544e+001;-6.754478e+000;1.589315e+001;-2.605944e+001;2.113559e+001;-2.377584e+001;1.995907e+001;-3.740449e+000;-3.373092e+001;1.131850e+001;3.060126e+000;2.759119e+000;-1.768075e+001;-7.762385e+000;8.326329e+000;1.566856e+002;-5.390794e-002;1.319581e+000;1.572464e+000;2.578947e+000;-4.337977e+000;-6.491117e+000;6.490051e+000;-1.568351e+000;-3.784114e+000;1.033594e+000;8.292654e+000;-3.782176e+000;3.202783e+000;1.626280e+000;-3.754889e+000;3.342060e+000;-1.281683e+000;1.767501e+000;-1.596028e+000;1.171473e-001;-7.232086e-001;8.509618e-001;1.077865e+000;-1.713016e+000;1.114197e+000;1.492537e+000;1.967896e+000;-1.812055e+000;5.643145e-001;-3.281867e-001;-3.908300e-001;-3.250159e-001;-9.375040e-001;7.353588e-001;2.186581e+000;-2.868220e-001;-1.965053e+000;1.185748e+000;1.460584e-001;4.690112e-001;-6.307844e-001;-2.050202e+000
'unknown';0.160000;-5.214459e-001;-3.890429e+000;3.429688e+001;-4.310865e+000;-4.844240e+001;-4.267568e+001;1.718926e+000;1.142886e+001;-2.442810e+001;2.075054e+001;-1.603185e+001;1.579887e+001;1.615023e+000;-2.980824e+001;7.658579e+000;4.400980e+000;1.684802e+000;-1.438942e+001;-7.552780e+000;6.885165e+000;1.563445e+002;1.422083e+000;3.311282e+000;-1.476106e+000;4.604114e+000;-2.624804e+000;-3.126210e+000;2.690090e+000;-2.266313e+000;-2.509463e+000;1.696959e+000;8.119505e+000;-3.757104e+000;3.037186e+000;5.210918e+000;-4.270470e+000;-6.963699e-001;5.893181e-001;1.697289e+000;-4.791699e-001;-1.014543e+000;-3.826766e+000;7.392838e-001;8.794293e-001;-1.677080e+000;1.338949e+000;3.008195e+000;3.143363e+000;-3.531092e+000;1.877988e+000;8.414397e-001;-1.456895e+000;-1.817442e+000;-1.437556e-001;-2.994068e-001;1.324076e+000;3.977654e-002;-1.786170e+000;1.081377e+000;-1.691967e-001;6.726443e-001;-3.765282e-001;-2.654402e+000
'unknown';0.170000;3.486118e+000;4.025089e-001;3.150381e+001;3.460546e+000;-5.671945e+001;-3.994770e+001;-3.603105e+000;1.745145e+001;-3.222669e+001;1.709571e+001;-1.012913e+001;1.610634e+001;8.985795e+000;-1.983391e+001;2.447904e+000;-2.153224e-001;5.350054e+000;-1.241760e+001;-8.950573e+000;5.219707e+000;1.509853e+002;2.411492e+000;3.867319e+000;-3.026031e+000;6.016379e+000;1.097857e+000;8.719486e-001;-2.322550e+000;5.179879e-001;-1.229151e+000;-1.746183e+000;3.943421e+000;-1.968567e+000;1.134586e+000;4.655641e+000;-4.107192e+000;-1.147234e+000;7.415335e-001;1.096121e+000;1.426392e-002;-6.588254e-001;-7.200114e+000;3.117023e-001;4.121169e-001;-1.037160e+000;-3.209963e-002;4.029343e+000;2.780889e+000;-3.217012e+000;2.299433e+000;1.372405e+000;-1.757959e+000;-1.953932e+000;-3.889995e-001;-8.494932e-001;2.505196e-001;7.477033e-002;-4.851940e-001;-8.566033e-002;-2.834265e-002;8.772861e-001;5.180304e-002;-2.241585e+000
'unknown';0.180000;6.847329e+000;6.694315e+000;2.389552e+001;1.081027e+001;-5.165596e+001;-3.541979e+001;-1.004903e+000;4.732306e+000;-2.883378e+001;2.229655e+001;-6.703264e-002;1.524678e+001;3.720016e+000;-1.166590e+001;-3.371953e+000;-3.427659e+000;5.755821e+000;-1.137895e+001;-8.414625e+000;5.114075e+000;1.398040e+002;1.698642e+000;3.151089e+000;-2.841030e+000;5.990233e+000;7.898023e+000;3.739972e+000;-4.675758e+000;5.387937e+000;1.032780e+000;-4.641719e+000;1.984378e+000;-3.417720e+000;-1.470459e-001;3.489491e+000;-3.140610e+000;-4.754700e-001;6.799022e-001;9.970193e-001;8.215418e-001;-2.409130e-001;-9.426473e+000;-6.581926e-003;1.653640e-001;-4.338362e-001;-1.712478e+000;3.021209e+000;1.598606e+000;-2.076622e+000;2.381211e+000;5.757769e-001;-1.179814e+000;-1.772444e+000;-1.161024e+000;-3.370108e-001;-3.582443e-001;-1.173715e-001;4.422214e-001;-1.141831e+000;1.279126e-001;8.860442e-001;1.596631e-001;-6.858934e-001
'unknown';0.190000;8.949310e+000;7.085762e+000;2.504228e+001;1.591271e+001;-3.701151e+001;-3.254365e+001;-1.700532e+001;2.183137e+001;-3.000236e+001;1.163167e+001;-1.204114e+001;1.039228e+001;8.799856e-001;-1.952388e+001;-3.702190e+000;1.238274e+000;4.431277e+000;-1.370538e+001;-7.260143e+000;5.917747e+000;1.289553e+002;1.366324e+000;3.460262e+000;-2.930874e+000;1.725389e+000;1.054733e+001;3.980239e+000;-5.912085e+000;6.101689e+000;1.306790e+000;-4.586863e+000;1.590556e+000;-5.896866e+000;5.474325e-001;3.739591e+000;-3.945967e+000;8.056401e-001;-1.755277e+000;1.975923e+000;2.140047e+000;-1.065235e-002;-9.131282e+000;-2.516464e-002;1.882083e-002;-3.886853e-001;-2.507357e+000;1.947358e-001;2.640560e-001;-4.665020e-001;1.068833e+000;6.666911e-002;3.376319e-001;-6.389357e-001;-1.130768e+000;2.447309e-001;-1.528865e-001;6.225993e-002;6.364379e-001;-1.610123e+000;1.693487e-001;6.410455e-001;-1.041090e-001;1.150500e+000
'unknown';0.200000;5.240170e+000;8.523390e+000;2.332249e+001;1.941422e+001;-1.880626e+001;-2.767785e+001;-1.495876e+001;3.617859e+001;-2.037636e+001;2.739610e-001;-5.153959e+000;1.567298e+000;4.932699e+000;-1.251580e+001;-4.969426e+000;1.296831e+000;5.543702e+000;-8.760433e+000;-4.290286e+000;5.331580e+000;1.202272e+002;1.911758e+000;4.341630e+000;-3.692865e+000;-1.812780e+000;7.756510e+000;3.312675e+000;-5.898252e+000;6.847890e+000;-8.985487e-001;-2.781773e+000;4.337177e-001;-7.598077e+000;1.645708e+000;3.877722e+000;-4.937940e+000;5.382999e-001;-3.871434e+000;1.896951e+000;2.888160e+000;-5.403139e-001;-6.290648e+000;2.282062e-001;-5.436226e-001;-2.767749e-001;-1.913339e+000;-2.718739e+000;-8.116742e-001;7.021849e-001;-6.598041e-001;1.286042e-001;1.634701e+000;-6.224198e-001;-2.016675e-001;2.598951e-001;-2.288377e-001;4.818993e-001;6.453160e-001;-1.305678e+000;-2.360336e-001;6.023345e-002;-2.522584e-001;2.377883e+000
'unknown';0.210000;1.112132e+001;1.678928e+001;1.713596e+001;7.785513e+000;-2.040768e+001;-2.391747e+001;-2.618660e+001;3.223676e+001;-2.992144e+001;5.172684e+000;3.671091e-001;-6.538245e+000;1.111662e+001;-7.110091e-001;-1.648319e+001;1.450633e+000;-3.320271e+000;-3.847242e+000;-3.125094e-001;5.057693e+000;1.151173e+002;2.179111e+000;3.366152e+000;-4.543540e+000;-2.618900e+000;2.142292e+000;2.405877e+000;-4.043814e+000;5.132177e+000;6.985912e-002;-9.879969e-001;1.524073e+000;-5.532229e+000;1.461864e+000;3.697093e+000;-2.897228e+000;1.528070e+000;-5.033412e+000;1.492899e+000;2.186182e+000;-1.029670e+000;-3.015529e+000;-7.199626e-002;-1.934817e+000;7.975418e-001;3.691964e-001;-3.237918e+000;-1.180743e+000;2.173982e+000;-1.356568e+000;1.347707e+000;1.981981e+000;-1.381105e+000;3.334694e-002;-1.448939e-001;-1.168667e-001;1.269790e+000;1.766060e-001;7.825346e-002;-7.277396e-001;-5.790169e-001;-8.362545e-002;2.393614e+000
'unknown';0.220000;1.532011e+001;2.355070e+001;9.384358e+000;5.809965e+000;-2.117533e+001;-2.316950e+001;-2.590552e+001;3.376906e+001;-3.336698e+001;1.161717e+001;-4.102569e+000;-1.427834e+001;6.830242e+000;-1.683732e+000;-2.167115e+001;-8.423387e-001;-9.725574e+000;-6.823267e+000;2.552358e+000;2.842533e+000;1.152698e+002;2.433280e+000;4.800310e-001;-3.418571e+000;-1.404318e+000;-1.493153e+000;4.687817e-001;-2.098969e+000;2.573673e+000;2.294267e+000;1.732353e+000;-1.094479e+000;-4.608376e+000;6.952138e-001;2.366552e+000;-1.255484e+000;2.389895e+000;-4.209422e+000;5.836344e-002;1.099641e+000;-9.926962e-001;-5.949348e-001;-6.248198e-001;-3.055443e+000;2.218870e+000;1.993636e+000;-1.491287e+000;-8.524397e-001;3.402590e+000;-2.615602e+000;1.893318e+000;1.337370e+000;-1.402465e+000;-2.736211e-001;-6.806348e-002;4.610624e-001;1.674862e+000;-2.584229e-001;1.681138e+000;-5.876831e-001;-9.388205e-001;1.990371e-001;1.379617e+000
'unknown';0.230000;1.480490e+001;1.640286e+001;9.293653e+000;9.620337e+000;-2.511551e+001;-2.276844e+001;-3.175101e+001;4.869701e+001;-2.315775e+001;1.020080e+000;-4.946470e+000;-9.346044e+000;7.240533e+000;-6.454453e+000;-9.837466e+000;9.948212e+000;-1.310114e+001;-7.209471e+000;2.494460e-001;2.013921e+000;1.163563e+002;7.455815e-001;-4.283025e+000;9.196879e-001;3.367140e+000;-1.017434e+000;-5.015295e-001;3.058185e+000;1.455957e+000;6.448916e+000;3.065980e+000;-4.550870e+000;-7.224982e+000;2.982101e-001;3.910842e+000;5.617569e-001;7.628728e-001;-1.195016e+000;-7.434810e-001;1.392215e-001;-2.025885e-001;-1.106873e-002;-7.970902e-001;-2.302022e+000;2.716008e+000;1.960495e+000;6.338836e-001;-2.538052e-001;3.206914e+000;-3.647975e+000;3.691123e-002;5.144632e-001;-8.130836e-001;-6.451169e-001;2.166278e-001;8.884932e-001;7.955553e-001;-1.383228e+000;2.546391e+000;-1.777576e-001;-7.420378e-001;3.274654e-001;2.236496e-001
'unknown';0.240000;1.556478e+001;1.111675e+001;1.015079e+001;1.147522e+001;-2.391811e+001;-2.590846e+001;-2.267140e+001;4.081682e+001;-1.228688e+001;1.101203e+001;-7.969564e+000;-2.007068e+001;1.034681e+001;2.188680e+000;-1.456971e+001;8.997517e+000;-1.061298e+001;-6.787501e+000;9.269424e-001;1.889985e+000;1.166330e+002;-4.955763e-001;-7.110998e+000;4.669872e+000;5.162381e+000;1.879937e+000;5.041794e-001;7.563699e+000;-4.392012e+000;5.378512e+000;1.878088e+000;-3.541134e+000;-8.119806e+000;1.887218e+000;6.076159e+000;1.706878e+000;-3.712160e-001;2.615060e+000;7.672548e-002;-7.824616e-001;4.133100e-002;-8.947945e-001;-6.213890e-001;-2.728773e-001;1.608809e+000;6.445983e-001;1.562322e+000;-1.120825e-001;1.119952e+000;-3.238347e+000;-1.578379e+000;-1.058393e+000;1.092559e+000;9.867786e-001;4.132352e-001;5.943118e-001;-1.695091e-002;-2.073856e+000;2.128297e+000;2.050842e-001;-2.841532e-001;2.666080e-001;-4.060790e-001
'unknown';0.250000;1.472689e+001;1.591134e+000;2.135118e+001;2.178859e+001;-2.412345e+001;-2.505564e+001;-1.251274e+001;3.599266e+001;-8.216913e+000;2.080515e+001;-2.045374e+001;-3.976698e+001;1.084938e+001;1.690700e+001;-1.722513e+001;3.450691e-001;-8.851648e+000;-7.582530e+000;1.196306e+000;4.521024e+000;1.143803e+002;-3.419117e-001;-4.348443e+000;4.992280e+000;3.900223e+000;3.625165e+000;1.119152e+000;7.159424e+000;-9.624858e+000;-1.287708e+000;1.511451e+000;-1.318018e+000;-7.002098e+000;1.949001e+000;6.284755e+000;-4.006323e-001;-4.007515e+000;4.286304e+000;5.949296e-001;-5.829552e-001;9.064312e-002;-1.747351e+000;-4.916909e-001;2.039187e+000;-3.795355e-001;-2.085464e+000;1.908723e+000;-1.305515e+000;-1.998649e+000;-1.044937e+000;-1.715459e+000;-1.423664e+000;2.579533e+000;3.906878e+000;1.247238e-001;-1.051987e+000;-4.164267e-001;-1.424580e+000;5.984350e-001;3.972833e-001;9.162830e-002;-2.087613e-002;-2.262965e-001
'unknown';0.260000;1.288123e+001;-4.598417e+000;2.670495e+001;2.553774e+001;-1.227167e+001;-1.950500e+001;2.293843e+000;1.816118e+001;-1.394484e+001;1.111507e+001;-1.405460e+001;-3.966690e+001;1.446191e+001;1.701634e+001;-9.442926e+000;2.103153e+000;1.224978e+000;-6.253110e+000;-1.833380e+000;1.795636e+000;1.117838e+002;-1.299187e-001;-8.516465e-001;2.589175e+000;1.552132e+000;3.997157e+000;-9.019718e-001;1.450173e+000;-8.077654e+000;-1.729317e+000;-2.782349e+000;2.751890e+000;2.140751e-001;1.935994e+000;4.151155e+000;-8.590438e-001;-5.594192e+000;3.691404e+000;4.145790e-001;3.996376e-002;1.937282e-001;-1.757188e+000;-7.965713e-001;2.914106e+000;-1.515654e+000;-3.913919e+000;1.423589e+000;-2.947035e+000;-3.228210e+000;1.603760e+000;-1.788253e-001;-5.882689e-001;1.160931e+000;5.162347e+000;-8.648453e-001;-2.165292e+000;-4.022018e-001;4.184300e-003;-1.116021e+000;1.313820e-001;2.963652e-001;-2.022772e-001;4.488214e-001
'unknown';0.270000;1.443711e+001;2.518236e+000;2.597797e+001;2.209019e+001;-1.281290e+001;-2.037440e+001;-8.436508e+000;1.190055e+001;-2.876731e+001;8.525813e+000;-8.494040e+000;-3.455843e+001;1.492799e+001;1.755549e+001;-1.440402e+001;-6.642182e+000;2.411402e+000;-4.502019e+000;-1.285169e+000;2.514311e+000;1.100442e+002;-1.895702e+000;2.783234e+000;6.235886e-002;-5.255057e+000;7.467574e+000;-6.326028e+000;-3.878300e+000;-1.925907e+000;1.425534e+000;-1.722123e+000;5.200285e+000;8.142467e+000;8.974410e-001;-3.865894e-001;-2.374157e-001;-3.748539e+000;1.258988e+000;1.074009e+000;1.861502e-001;-3.831677e-001;-7.113541e-001;-9.039851e-001;1.686277e+000;-5.656704e-001;-3.384296e+000;6.704211e-001;-2.957799e+000;-1.136317e+000;1.192037e+000;9.804710e-001;6.074675e-001;-1.266964e+000;3.462310e+000;-1.116738e+000;-2.058378e+000;4.010615e-001;2.179949e+000;-1.780244e+000;-1.609157e-001;8.621595e-002;-5.185884e-001;1.370642e+000
'unknown';0.280000;1.506008e+001;6.394970e+000;2.078326e+001;1.908508e+001;-9.587604e+000;-3.275894e+001;-1.745865e+001;1.247461e+001;-1.065826e+001;3.239951e+000;-1.899665e-001;-2.160459e+001;1.798748e+001;2.262021e+001;-2.027548e+001;-1.547982e+001;2.212517e+000;-6.254862e+000;2.367498e+000;3.861983e+000;1.100151e+002;-3.701538e+000;3.893694e+000;-4.434372e-001;-9.829576e+000;7.076680e+000;-1.050841e+001;-3.058486e+000;-2.226887e-001;3.127765e+000;5.535306e-001;-9.956322e-001;1.011965e+001;-1.911229e+000;-1.414629e+000;-3.857392e-001;-4.797828e-001;-1.451389e+000;4.940960e-001;3.148114e-001;-7.331496e-001;8.313141e-001;-1.573673e-001;-2.685738e-001;1.224666e+000;-1.219902e+000;-6.467204e-001;-4.923920e-001;1.569405e+000;-1.361295e+000;-6.929976e-001;2.153893e+000;-2.927866e+000;-5.012369e-001;-5.607644e-001;-1.600738e+000;8.236303e-001;3.431404e+000;-1.466596e+000;-3.536962e-001;-2.369351e-001;-5.556628e-001;2.099969e+000
'unknown';0.290000;4.158964e+000;1.001061e+001;2.462382e+001;-1.260364e+000;1.187238e+001;-5.005882e+001;-2.202799e+001;2.920641e+001;-2.732529e+000;1.613210e+001;-1.384631e+000;-8.085808e+000;1.357380e+001;1.217212e+001;-1.299593e+001;-9.606142e+000;-3.050479e+000;-2.211610e+000;2.661764e-002;1.572012e+000;1.117079e+002;-3.076028e+000;1.710272e+000;3.680234e+000;-7.330405e+000;5.437509e+000;-8.866626e+000;3.732167e+000;-7.592154e+000;1.186106e+000;2.880849e+000;-5.779075e+000;5.356668e+000;-1.711076e+000;-1.224245e+000;1.368023e+000;4.335026e+000;-2.043521e+000;-2.494074e-001;-2.892993e-001;-2.038860e+000;3.811606e+000;8.654877e-001;-1.815469e+000;1.776581e+000;2.219019e+000;-2.652138e+000;3.271306e+000;2.161190e+000;-3.740046e+000;-1.833981e+000;9.904898e-001;-1.584547e+000;-3.703756e+000;7.828470e-001;-1.093353e+000;8.311980e-001;2.551767e+000;-2.853189e-001;-6.329524e-001;-2.821981e-001;-1.141150e-001;2.429647e+000
'unknown';0.300000;-4.873820e-001;1.112386e+001;2.516484e+001;-1.193486e+001;1.076908e+001;-5.720483e+001;-6.202847e+000;8.394802e+000;-1.132340e+001;1.007958e+001;-2.258747e+001;-2.304975e+000;5.582854e+000;1.263488e+001;-1.207567e+001;1.186219e+000;-3.301025e+000;-4.927835e+000;-9.152161e-001;-1.398963e+000;1.151085e+002;-3.265920e-001;-1.658034e+000;6.903566e+000;-3.509703e+000;1.778587e+000;-2.093633e+000;5.491965e+000;-1.205101e+001;-5.074591e+000;5.685632e+000;-6.397757e+000;-8.992100e-001;4.364308e-001;-3.433707e+000;2.456388e+000;7.521047e+000;-1.990322e+000;-6.921941e-001;-9.069870e-001;-1.756739e+000;6.481176e+000;8.692645e-001;-2.060544e+000;2.254276e-001;3.230101e+000;-2.935687e+000;5.908053e+000;1.206340e-001;-2.307582e+000;-6.674058e-001;-1.145508e+000;2.275777e+000;-3.527124e+000;1.552595e+000;-1.327191e+000;7.216652e-001;4.990819e-001;7.360157e-001;-4.082080e-001;-1.559412e-001;5.138029e-001;2.272580e+000
'unknown';0.310000;6.830700e+000;8.705150e+000;4.218836e+001;9.481344e-001;4.196300e+000;-5.248459e+001;4.596430e+000;-2.402032e+001;-2.250421e+001;1.951024e+001;-2.619067e+001;-1.742489e+001;1.257492e+001;1.642693e+001;-1.166381e+001;6.699931e+000;-5.049433e+000;-6.412570e+000;-1.090308e+000;-5.049516e+000;1.265555e+002;7.442638e-001;-3.518246e+000;5.271764e+000;2.680104e+000;-3.144069e+000;5.823113e+000;2.652424e+000;-1.471198e+001;-3.643191e+000;6.642759e-001;-2.138886e-002;-4.866886e+000;3.637846e+000;-4.843814e+000;2.497511e+000;5.009880e+000;1.018602e-001;-1.497608e+000;-6.139411e-001;-4.419479e-001;8.611952e+000;-2.939212e-001;-1.271096e+000;-2.693866e+000;8.421240e-001;-2.290101e+000;5.626574e+000;-2.180412e+000;1.692326e+000;1.960163e+000;-3.416663e+000;4.299273e+000;-7.604386e-001;4.539285e-001;-1.072714e+000;1.878984e-001;-1.493045e+000;8.422272e-001;-1.417093e-001;1.017234e-001;1.061495e+000;1.331680e+000
'unknown';0.320000;1.209125e+001;-1.242470e+000;4.651883e+001;4.323113e-001;3.143374e+000;-4.201422e+001;-3.311033e+000;-2.116706e+001;-2.614538e+001;2.997904e+001;-1.977573e+001;-2.143109e+001;2.066907e+001;3.324268e+000;-8.659599e+000;1.397238e+001;-6.739619e+000;-7.615353e+000;-1.608974e+000;-1.610951e+000;1.349972e+002;-1.265361e+000;-3.794765e+000;-1.120640e-001;1.315675e+000;-3.310964e+000;1.168699e+001;-1.915445e+000;-8.200687e+000;2.205385e+000;-4.065723e+000;7.504409e+000;-2.404197e+000;3.177284e+000;-6.240801e+000;2.657843e+000;1.678200e+000;1.155999e+000;-9.228439e-001;-3.025735e-001;1.037409e+000;9.794040e+000;-1.197140e+000;-4.134147e-001;-3.761377e+000;-1.729376e+000;-1.240478e+000;3.082005e+000;-1.923008e+000;3.857322e+000;3.495717e+000;-4.485462e+000;2.890870e+000;1.553514e+000;-1.472187e+000;3.644541e-001;-3.477301e-001;-2.305709e+000;3.461918e-001;2.114448e-002;2.245620e-001;8.872008e-001;9.338655e-002
'unknown';0.330000;1.590967e+000;-1.397449e+000;4.030565e+001;5.956569e+000;-3.510753e-002;-2.853856e+001;-1.021178e+001;-2.957253e+001;-1.353750e+001;9.503754e+000;-2.897442e+000;-2.285718e+001;2.421992e+001;-7.391650e+000;-2.216410e+000;9.050175e+000;-8.218812e-001;-8.355892e+000;-2.696209e+000;-5.317338e-001;1.448233e+002;-4.076249e+000;-3.576840e+000;-6.281278e+000;-5.532474e+000;-3.468219e+000;1.237593e+001;-3.466187e+000;-1.055684e+000;7.346931e+000;-9.326789e+000;8.766211e+000;2.306968e+000;-8.118601e-001;-5.184269e+000;2.206787e+000;-2.087743e-001;5.944538e-001;-8.426288e-001;-8.288889e-002;1.871543e+000;8.813574e+000;-5.497158e-001;-1.598322e-001;-1.963541e+000;-3.222771e+000;-4.055868e-001;6.097231e-002;-2.701202e-001;4.541040e+000;1.565641e+000;-2.096340e+000;-7.827028e-001;2.081871e+000;-2.657788e+000;1.187918e+000;-8.158994e-001;-1.286895e+000;-5.032903e-001;6.168225e-002;1.437838e-001;4.794044e-001;-1.282223e+000
'unknown';0.340000;-4.194320e+000;-2.798661e+000;2.554588e+001;-7.860702e+000;-3.670031e+000;-1.074290e+001;-8.375967e+000;-2.983253e+001;-4.779833e+000;-5.245789e+000;3.287966e+000;-1.160982e+001;1.564677e+001;-6.659841e+000;-3.510154e+000;8.402098e+000;3.651955e-001;-8.570393e+000;-1.625133e+000;1.529191e+000;1.549448e+002;-3.902037e+000;-3.695810e+000;-6.126795e+000;-8.050295e+000;-4.261726e+000;1.003998e+001;-1.063769e+000;4.074594e-001;6.908931e+000;-1.174615e+001;3.662794e+000;3.281433e+000;-4.699649e+000;-1.441209e+000;8.630997e-001;-1.398174e+000;-5.056601e-001;-9.139614e-001;-4.970336e-002;1.522519e+000;6.847298e+000;7.561491e-001;-9.457982e-002;1.261825e+000;-1.547299e+000;-3.509349e-001;-2.380073e+000;8.716234e-001;2.685634e+000;-1.250402e+000;1.038378e+000;-3.524492e+000;9.636167e-001;-2.013834e+000;9.432408e-001;-1.022753e+000;-2.983221e-001;-5.042166e-001;-1.503191e-001;-3.968177e-002;1.018780e-001;-2.357825e+000
'unknown';0.350000;-5.407763e+000;-8.400956e+000;2.126844e+001;-2.256773e+001;-9.738095e+000;-6.240583e+000;-1.020204e+001;-2.496600e+001;3.547676e+000;-9.511287e+000;6.108533e+000;-1.080069e+001;1.102677e+001;-4.502364e+000;-3.204599e+000;8.441202e+000;-5.629571e+000;-1.014819e+001;-1.496672e+000;2.738127e+000;1.606496e+002;-6.859769e-001;-4.366884e+000;-1.538574e+000;-8.750765e+000;-4.696622e+000;6.951479e+000;8.759850e-001;3.689153e+000;1.833242e+000;-5.977212e+000;-2.014095e+000;2.699652e+000;-5.712626e+000;-1.304021e+000;-6.846145e-001;1.135936e-001;-1.583761e+000;-1.193638e+000;-2.145725e-002;1.712518e+000;3.674205e+000;1.524607e+000;1.345889e-001;3.310968e+000;1.225270e+000;4.690981e-002;-2.758917e+000;7.966465e-001;5.417917e-001;-2.885857e+000;3.408137e+000;-3.532494e+000;3.301188e-001;-4.355425e-001;-2.029130e-001;-8.290588e-001;-1.208563e-001;3.544155e-001;-1.574805e-001;-1.297839e-001;-1.084509e-001;-2.652378e+000
'unknown';0.360000;-3.919573e+000;-1.621977e+001;2.540346e+001;-2.555701e+001;-1.331376e+001;-2.963304e+000;-8.634750e+000;-2.143303e+001;-1.433085e-001;-1.924418e+001;-5.964751e+000;-1.105217e+001;3.767401e+000;-5.326420e+000;-3.850006e+000;7.286001e+000;-6.864074e+000;-1.128901e+001;-2.457259e+000;4.366716e+000;1.613205e+002;8.202486e-001;-3.872642e+000;3.825710e+000;-4.811674e+000;-4.451437e+000;2.498850e+000;2.715865e-001;2.855065e+000;-1.289783e+000;-5.486226e-001;-4.727896e+000;2.217544e+000;-4.441504e+000;-3.464722e+000;-1.010219e+000;2.540569e-002;-2.759760e-001;-1.498935e+000;-5.316982e-001;1.626311e+000;5.746002e-001;1.291510e+000;3.923389e-001;2.712313e+000;2.222446e+000;8.187509e-001;-1.806918e+000;5.994171e-002;-4.762143e-001;-2.111010e+000;3.877394e+000;-1.417325e+000;4.328982e-001;7.999715e-001;-1.045104e+000;-3.764254e-001;-2.924622e-001;1.065244e+000;-4.653280e-002;-4.462175e-002;-2.771623e-001;-2.230786e+000
'unknown';0.370000;-1.976291e+000;-1.652131e+001;3.268399e+001;-2.894910e+001;-1.869635e+001;2.329039e+000;-5.702462e+000;-1.532652e+001;-6.689547e+000;-1.338312e+001;-8.341560e+000;-9.637740e+000;1.596478e+000;-1.457847e+001;-5.469557e+000;1.017619e+001;-5.126053e+000;-1.296478e+001;-2.387432e+000;6.612096e+000;1.600065e+002;1.185644e+000;-2.815480e+000;5.297311e+000;-1.025434e+000;-3.138815e+000;2.351910e+000;-1.506321e-001;4.294720e-001;-2.982995e+000;2.115132e+000;-4.700912e+000;4.489507e+000;-3.118646e+000;-5.187078e+000;-1.001847e+000;-1.524846e+000;2.251689e+000;-1.337545e+000;-4.908112e-001;1.277392e+000;-1.311966e+000;5.345005e-001;4.864247e-001;6.980220e-001;2.005995e+000;1.617375e+000;-5.886450e-001;7.604358e-002;-1.060188e+000;-2.202924e-001;1.922719e+000;2.436212e-001;2.404047e-001;9.506465e-001;-3.590130e-001;1.912341e-001;-6.494888e-001;1.083169e+000;1.569431e-001;1.276616e-002;-5.603447e-001;-1.255101e+000
'unknown';0.380000;-1.808813e+000;-1.810169e+001;3.896665e+001;-2.872839e+001;-2.144809e+001;-2.533462e+000;-9.267822e+000;-2.037695e+001;-6.110135e+000;-6.052988e+000;-1.312646e+001;-1.103572e+000;-1.845596e+000;-1.894540e+001;-7.428770e+000;7.661632e+000;-1.266443e+000;-1.465677e+001;-3.838244e+000;7.723762e+000;1.581394e+002;1.619701e+000;-2.509818e+000;4.016827e+000;-8.007307e-001;-9.468756e-001;3.305172e+000;-2.507522e-001;-3.437714e-001;-1.238002e+000;3.594653e+000;-2.080425e+000;4.550997e+000;-1.996783e+000;-4.725203e+000;-8.604110e-001;-2.041265e+000;2.902837e+000;-1.074672e+000;-3.813517e-002;3.542708e-001;-1.813547e+000;2.150154e-001;2.495923e-001;-1.115717e+000;6.801358e-001;1.934901e+000;3.702832e-001;7.559946e-001;-4.585754e-001;8.195464e-001;-4.466565e-001;5.368253e-001;-7.278516e-001;7.154250e-001;8.831171e-001;6.571094e-001;-5.015509e-001;2.559268e-001;2.023816e-001;6.232769e-002;-6.129016e-001;-3.166749e-001
'unknown';0.390000;-5.349205e-001;-2.153739e+001;4.097340e+001;-2.610921e+001;-2.136501e+001;5.304047e+000;-1.063866e+001;-2.334668e+001;-8.383886e+000;-5.531223e+000;-1.381517e+001;6.672542e+000;-1.759958e+000;-2.362826e+001;-6.424453e+000;6.291586e-001;2.830059e+000;-1.515203e+001;-3.260235e+000;7.446566e+000;1.556803e+002;1.586800e+000;-2.616172e+000;1.855977e+000;-7.262629e-001;1.637972e+000;3.605093e+000;1.517372e+000;-1.236877e-002;7.058900e-001;1.564743e+000;-2.119725e+000;2.734949e+000;-2.181755e+000;-2.468846e+000;1.966523e-001;-2.100515e+000;2.242678e+000;-6.210538e-001;-2.044080e-001;-4.531848e-001;-1.407228e+000;4.484583e-002;1.942440e-001;-1.669183e+000;-1.372476e-001;1.549010e+000;-3.323424e-001;9.659390e-001;-1.288916e-001;1.333421e+000;-1.813185e+000;-1.122784e-001;-1.952761e+000;5.673876e-001;1.772964e+000;8.326010e-001;-3.217111e-001;-7.380432e-001;1.075402e-001;-8.948646e-002;-2.954409e-001;2.365703e-001
'unknown';0.400000;3.458246e+000;-2.626082e+001;4.134288e+001;-3.098061e+001;-1.671381e+001;1.207505e+001;-7.420412e+000;-1.914180e+001;-5.486150e+000;-5.196861e+000;-1.363007e+001;3.547671e+000;-4.538293e+000;-2.442753e+001;-7.674613e+000;1.853192e+000;3.672056e+000;-1.556874e+001;-2.211533e+000;5.720835e+000;1.544159e+002;1.694748e+000;-2.724334e+000;-3.220596e-002;-1.560581e+000;2.834672e+000;3.723674e+000;3.217557e+000;7.831081e-001;9.635071e-001;-2.506711e+000;-3.334363e+000;-5.444351e-001;-1.332824e+000;-4.082519e-001;1.676078e+000;-2.194514e+000;1.008164e+000;-8.452719e-001;-3.632614e-001;-5.729085e-001;-9.611435e-001;-3.406771e-001;5.555836e-001;-1.293621e+000;2.360204e-001;5.932491e-001;-1.646785e+000;5.781510e-001;-9.601634e-001;8.083533e-001;-1.962400e+000;-4.744563e-001;-1.940400e+000;5.367867e-001;1.560426e+000;7.084748e-001;-5.049059e-001;-9.441038e-001;1.155977e-002;-2.563093e-001;1.922375e-001;3.854826e-001
'unknown';0.410000;3.324179e+000;-2.552261e+001;4.077576e+001;-3.145430e+001;-1.287363e+001;1.305025e+001;9.606940e-001;-1.600593e+001;-3.472090e+000;-5.987464e+000;-1.868838e+001;1.711384e+000;-7.965947e+000;-2.418163e+001;-4.363374e+000;2.577835e+000;3.618087e+000;-1.561406e+001;-4.222828e+000;5.347635e+000;1.548321e+002;1.372350e+000;-1.737002e+000;-1.024088e+000;-1.331747e+000;2.715462e+000;4.809474e-001;2.944909e+000;-7.784256e-001;2.583358e+000;-3.900113e+000;-4.635334e+000;-2.726582e+000;-6.136870e-001;1.519266e+000;1.892913e+000;-3.056777e+000;-4.911903e-001;-9.145438e-001;-7.756804e-001;2.637779e-001;-5.553162e-001;-6.191050e-001;9.361905e-001;-6.071660e-001;7.935957e-001;2.694647e-002;-2.076773e+000;-3.567991e-002;-1.980981e+000;-4.558029e-002;-1.373182e+000;8.070617e-001;-7.818834e-001;8.814004e-001;6.652025e-001;2.157716e-001;-5.307921e-001;-4.813622e-001;2.201065e-002;-1.228095e-001;3.483376e-001;1.921454e-001
'unknown';0.420000;4.735377e+000;-2.973075e+001;3.890444e+001;-3.385875e+001;-1.152042e+001;1.221181e+001;1.020285e+000;-2.013178e+001;-3.748497e+000;-1.835842e+001;-2.736167e+001;-1.345168e+000;-5.406723e+000;-2.070997e+001;-7.891877e-002;-4.285275e+000;3.380362e+000;-1.865212e+001;-5.173255e+000;5.908685e+000;1.537578e+002;2.353997e-002;-1.714849e-001;-1.011246e+000;6.821133e-001;1.480625e+000;-3.366680e+000;1.926234e+000;-4.761560e+000;1.865031e+000;-3.484917e+000;-3.194901e+000;-2.420237e+000;-9.688310e-002;1.082871e+000;1.833832e+000;-4.087664e+000;-4.507477e-001;-8.701283e-001;-1.034046e+000;9.569769e-001;-3.120895e-001;-6.751487e-001;1.069736e+000;1.547596e-002;9.750000e-001;-1.373810e-001;-1.390120e+000;2.512757e-001;-1.832842e+000;-6.273421e-001;1.239396e-001;2.338574e+000;5.902006e-001;9.422905e-001;-1.586926e-001;-3.802469e-001;-3.705967e-001;1.630190e-001;3.176315e-001;1.433720e-001;1.609409e-001;-6.685991e-002
'unknown';0.430000;5.688264e+000;-2.848743e+001;3.707218e+001;-3.132888e+001;-1.038440e+001;7.640406e+000;-1.344659e-001;-2.674382e+001;3.664077e+000;-1.845101e+001;-3.012604e+001;-4.513948e+000;-4.394178e+000;-1.789071e+001;-7.577346e-001;-1.158549e+001;5.199546e-001;-1.818306e+001;-5.657776e+000;8.671531e+000;1.532328e+002;-6.731211e-001;7.883558e-001;-6.903328e-001;2.120369e+000;2.449728e+000;-3.233594e+000;1.984634e+000;-7.144942e+000;2.722683e-002;-4.812062e+000;1.845853e+000;-2.365670e-001;1.607277e+000;1.116053e-001;1.196634e+000;-3.807901e+000;5.653232e-001;-4.985723e-001;-4.830632e-001;5.235606e-001;-7.710282e-001;-3.190166e-001;6.646701e-001;3.833237e-002;3.710120e-001;-4.949829e-001;1.430824e-001;9.530063e-001;3.778088e-001;-9.514552e-001;8.292278e-001;3.196581e+000;1.248251e+000;9.856029e-001;-3.194565e-001;-6.884848e-001;2.826001e-001;4.062573e-001;4.851688e-001;3.978881e-001;-2.896349e-001;-3.737491e-001
'unknown';0.440000;2.393903e+000;-2.563583e+001;3.813844e+001;-2.763276e+001;-1.055530e+001;-2.053424e+000;2.758340e+000;-3.758066e+001;2.709197e-001;-1.638968e+001;-2.388575e+001;-5.440846e+000;-6.808593e+000;-2.215864e+001;-3.082731e-001;-1.150346e+001;2.967384e+000;-1.863488e+001;-6.664288e+000;8.843772e+000;1.536550e+002;-6.582599e-001;1.361669e+000;-1.217037e-001;1.588361e+000;2.280634e+000;-1.369655e+000;4.954073e+000;-5.197844e+000;-8.951378e-001;-1.431038e+000;5.117915e+000;1.161560e+000;2.268147e+000;-4.978844e-001;1.229834e-001;-3.671935e+000;1.295002e+000;5.348999e-001;2.072901e-001;1.019047e-001;-1.187587e+000;9.017430e-002;3.241066e-001;-2.103043e-001;-4.581788e-001;-6.170324e-001;5.244874e-001;1.425252e+000;2.931714e+000;-3.427885e-001;1.571078e+000;1.981748e+000;9.418483e-001;1.008406e+000;1.789491e-001;-4.419644e-001;7.385235e-001;2.234808e-001;4.851204e-001;5.107813e-001;-4.257115e-001;-4.552650e-001
'unknown';0.450000;1.129310e+000;-2.362829e+001;3.770710e+001;-2.396545e+001;-1.107548e+000;4.014894e+000;1.001484e+001;-4.300621e+001;-5.345664e+000;-3.103214e+001;-1.119708e+001;2.576389e+000;7.713732e-001;-2.289927e+001;1.734472e+000;-1.285258e+001;6.651192e+000;-1.811554e+001;-5.892628e+000;6.497895e+000;1.510283e+002;1.181669e-001;8.197721e-001;-1.277197e+000;7.018890e-002;-1.594571e-001;1.978471e-001;6.196021e+000;1.328760e+000;-7.938340e-001;-7.809134e-001;7.191162e+000;1.723773e+000;3.131812e+000;7.123613e-001;-6.940866e-001;-1.851640e+000;6.672215e-001;8.087862e-001;5.930923e-001;-7.568606e-001;-1.986313e+000;2.408013e-001;1.377726e-001;-2.260729e-001;-9.734754e-002;-1.051709e+000;-6.994532e-001;6.401278e-001;3.713984e+000;-7.034177e-002;2.561157e+000;-4.967566e-001;-3.838689e-002;4.072253e-001;3.404797e-001;-1.758355e-001;8.383649e-001;-1.509470e-001;2.762879e-001;2.952292e-001;-2.943104e-001;-3.060754e-001
'unknown';0.460000;3.723554e+000;-2.535198e+001;3.797847e+001;-2.959865e+001;-4.755672e+000;7.176291e+000;2.071600e+001;-3.798980e+001;-3.719316e+000;-1.922305e+001;-1.123658e+001;9.174654e-001;3.351235e+000;-2.069512e+001;-7.101051e-001;-2.201141e+001;6.789752e+000;-1.601138e+001;-4.019379e+000;7.505026e+000;1.489221e+002;7.876749e-002;1.433340e+000;-1.769335e+000;-5.836910e-001;-2.999448e-001;-2.459963e+000;6.946799e+000;5.660158e+000;5.616182e-001;2.354898e+000;4.041183e+000;1.308834e+000;4.182880e+000;1.677238e+000;5.693701e-001;-1.373176e+000;6.157070e-001;9.017943e-001;9.817832e-001;-5.313696e-001;-1.980772e+000;3.018152e-001;-2.729612e-001;1.437132e-001;1.360351e+000;-8.239829e-001;-1.053524e+000;-1.121788e+000;2.612782e+000;-9.344363e-001;1.142067e+000;-2.276680e+000;-8.707959e-001;-4.528786e-001;4.317100e-001;4.563551e-002;9.504136e-001;-2.069528e-001;-8.593269e-002;-5.421141e-002;-2.023163e-001;1.019900e-002
'unknown';0.470000;5.614273e+000;-2.453050e+001;3.076618e+001;-2.999498e+001;-1.408150e+001;4.014784e+000;2.186681e+001;-1.989545e+001;1.690025e+000;-2.093889e+001;-4.948144e-001;9.257627e-001;6.184969e+000;-1.506067e+001;-4.027251e+000;-1.558972e+001;1.944878e+000;-1.545088e+001;-4.014770e+000;5.556601e+000;1.456677e+002;1.623718e-001;1.441383e+000;-9.968815e-001;2.719657e+000;-1.518529e+000;-6.185706e+000;4.188910e+000;5.995975e+000;-1.052860e+000;6.100752e+000;-9.956379e-002;-5.021384e-001;2.686037e+000;7.264423e-001;9.426256e-002;-7.654560e-001;1.502357e-001;6.994197e-001;6.058363e-001;-6.313542e-001;-1.904813e+000;3.002672e-001;-6.947752e-001;6.285077e-001;2.251263e+000;-6.179711e-001;-7.537305e-002;-2.052285e+000;4.087681e-001;-1.241176e+000;-6.751012e-001;-2.247372e+000;-1.726514e+000;-9.247190e-001;2.265884e-001;1.394893e-001;8.173963e-001;-1.027458e-001;-2.530211e-001;-3.728061e-001;-2.389256e-002;3.370181e-001
'unknown';0.480000;5.452592e-001;-1.801803e+001;3.276222e+001;-2.753644e+001;-5.568054e+000;-1.435319e+001;3.156635e+001;-2.083525e+001;-4.388341e-001;-9.661814e+000;-9.030966e+000;1.928638e+000;1.139901e+001;-1.769175e+001;5.419439e+000;-1.700077e+001;8.399076e+000;-1.545824e+001;-2.694301e+000;6.657571e+000;1.464315e+002;8.287134e-001;-3.139429e-001;4.567045e-001;7.065380e+000;-1.159745e+000;-3.445500e+000;3.486896e-001;5.532458e+000;-5.437807e+000;8.384647e-001;-2.620122e+000;-2.079463e+000;2.266417e-001;1.653625e+000;-4.301363e-002;5.370405e-001;5.187309e-001;1.599197e-001;-7.013895e-002;-9.724301e-001;-1.177342e+000;3.600153e-001;-1.087453e+000;3.563656e-001;1.605207e+000;-1.171491e+000;1.417431e+000;-2.484170e+000;-4.923427e-001;-3.005962e-001;-2.522746e+000;-3.110057e-001;-2.177080e+000;-1.093757e+000;4.146146e-001;-1.145429e-001;1.090533e+000;-1.677888e-001;-2.997836e-001;-4.998849e-001;2.794057e-002;2.341789e-001
'unknown';0.490000;3.530317e+000;-2.008835e+001;3.533081e+001;-1.139827e+001;-8.294003e+000;-1.614890e+001;2.553421e+001;-2.160361e+001;-1.225021e+001;-5.309000e+000;-1.279771e+001;-4.398897e-001;1.017767e+001;-2.076874e+001;-8.589875e-001;-1.918517e+001;6.597708e+000;-1.489502e+001;-3.525985e+000;3.764852e+000;1.427495e+002;1.244530e+000;-1.780463e+000;7.523212e-001;7.501969e+000;-2.819412e+000;3.137502e-001;-7.663513e-001;3.436450e+000;-4.000001e+000;-3.398203e+000;-7.150474e-001;-5.214650e+000;4.863362e-001;1.857110e+000;3.095519e-001;1.280233e+000;2.019804e-001;-8.538218e-002;-7.449774e-001;-6.557932e-001;-7.029373e-001;-3.988551e-002;-4.205636e-001;-1.973161e-001;-3.380564e-001;-8.387241e-001;1.177173e+000;-1.282095e+000;-7.628549e-001;1.500510e+000;-2.761988e+000;1.423627e+000;-1.056749e+000;-8.579237e-001;1.063675e-001;1.608089e-001;1.048734e+000;1.850696e-001;-3.768430e-001;-2.591648e-001;2.484800e-001;1.646385e-001
'unknown';0.500000;8.909100e+000;-2.914277e+001;3.797968e+001;-3.570110e+000;-1.344814e+001;3.063226e-002;2.062574e+001;-9.473429e+000;-2.393823e+001;-2.284567e+001;-1.818575e+001;-8.797025e+000;2.488094e+000;-9.572954e+000;-2.509305e+000;-1.752848e+001;7.056991e+000;-1.548972e+001;-4.614466e+000;3.538750e+000;1.444945e+002;1.337765e+000;-2.393001e+000;-8.621086e-001;5.051187e+000;-5.506959e+000;1.377465e+000;-2.996423e+000;4.478207e+000;5.322080e-001;-5.509356e+000;2.793896e+000;-7.220309e+000;-1.860538e-001;3.184977e+000;-1.109892e-001;3.056643e+000;-2.491091e-001;-2.047232e-001;-8.422347e-001;-3.794473e-001;-1.410815e+000;-5.966046e-001;1.421291e+000;-1.038316e+000;-2.041252e+000;3.926501e-001;-1.280484e+000;-2.174330e-001;-1.462133e+000;3.165043e+000;-3.014686e-001;2.039873e+000;1.654020e+000;-3.849025e-001;-1.123054e+000;4.073897e-001;3.416165e-001;2.048024e-001;-2.551218e-001;3.196760e-001;3.329589e-001;-1.901506e-001
'unknown';0.510000;7.655003e+000;-2.787044e+001;3.191906e+001;-4.468305e+000;-2.423852e+001;-1.608374e+000;2.350535e+001;-8.394103e+000;-6.560283e+000;-3.133798e+001;5.073393e-001;-1.978466e+001;1.307211e+001;-9.834515e+000;1.484880e+000;-8.924703e+000;3.625823e+000;-1.586205e+001;-6.779574e+000;3.837045e+000;1.431215e+002;-2.915816e-001;3.780943e-001;-1.324056e+000;2.036472e+000;-3.538543e+000;-2.711324e+000;-5.490068e-001;2.708826e+000;3.464685e+000;-4.535275e+000;4.311562e+000;-3.215462e+000;-1.397234e+000;4.926037e-001;9.322947e-001;3.218411e+000;1.459504e+000;-1.002474e+000;-3.039400e-001;3.145544e-001;-9.648834e-001;-9.158700e-001;2.636292e+000;-1.149243e+000;-1.948907e+000;2.337392e+000;-2.970782e+000;7.746835e-001;-1.995533e+000;2.404492e+000;2.026126e+000;1.308720e-001;4.027429e+000;-1.445088e-001;-1.854419e+000;1.631192e-001;-5.683066e-001;7.386412e-002;-1.022968e-003;8.029153e-001;9.775208e-002;-3.723935e-001
'unknown';0.520000;5.171742e+000;-2.609199e+001;3.015755e+001;-5.745492e+000;-2.513059e+001;-1.473613e+001;1.759866e+001;-5.048968e+000;-6.227555e-001;-2.419411e+001;-1.714007e+000;-2.450052e+001;9.021521e+000;-7.233976e+000;3.692559e+000;-6.847797e+000;8.639473e+000;-1.599834e+001;-5.278680e+000;4.724238e+000;1.391914e+002;-1.386254e+000;5.713232e+000;-3.696687e+000;-4.081293e-001;1.163071e+000;-8.335382e+000;-8.471476e-001;-1.414396e+000;6.655065e+000;-1.003418e-001;5.065938e+000;5.191040e+000;-7.560857e-001;-3.279390e+000;1.682564e+000;1.276034e+000;9.139811e-001;-6.571434e-001;1.307722e+000;2.071907e-001;-1.997122e+000;-9.502928e-001;2.102883e+000;-6.585215e-001;-8.083698e-001;3.217519e+000;-2.237620e+000;1.763586e+000;-2.535338e+000;3.698112e-001;2.454065e+000;-2.089268e+000;3.878537e+000;5.032710e-001;-1.890371e+000;-9.194343e-002;-1.047570e+000;-6.476449e-001;2.831764e-001;9.023191e-001;-9.984270e-002;-4.634041e-001
'unknown';0.530000;3.941087e+000;-1.972327e+001;3.262159e+001;-1.282151e-001;-2.014549e+001;-2.232214e+001;2.430272e+001;-1.027172e+001;-6.584520e+000;-2.731116e+001;5.242314e-001;-8.665449e+000;-7.521600e-002;-1.947521e+001;7.015543e-001;-8.433459e+000;1.310399e+001;-1.965307e+001;-4.713578e+000;4.744880e+000;1.405767e+002;-1.972811e+000;7.347884e+000;-3.576602e+000;4.870917e-001;5.532534e+000;-9.683734e+000;2.032428e+000;-3.594915e+000;4.961030e+000;4.027919e+000;-1.196708e+000;8.716822e+000;4.880805e-002;-4.182803e+000;2.283713e-001;-6.709958e-001;-1.024404e-002;1.357131e-001;2.194621e+000;-4.603518e-001;-2.271751e+000;-5.962155e-001;2.557043e-001;-7.355323e-001;1.256997e-001;1.953559e+000;1.418501e-001;8.610727e-001;-1.879553e+000;-1.022089e+000;2.433097e+000;-2.741805e+000;6.602035e-001;1.925399e+000;1.480698e-001;-6.819124e-001;-5.536626e-001;-1.452629e+000;7.098690e-001;6.310767e-001;-3.054234e-001;-6.931377e-001
'unknown';0.540000;3.834788e+000;-4.650195e+000;1.914497e+001;-7.780801e+000;-9.679299e+000;-3.128940e+001;1.599132e+001;-1.560660e+001;9.349208e+000;-2.536079e+001;7.135500e+000;1.159857e+001;5.281328e+000;-2.114956e+001;6.295176e+000;-1.139393e+001;6.887815e+000;-1.687992e+001;8.911467e-001;4.120786e+000;1.357813e+002;-2.573085e+000;4.636520e+000;-3.028443e+000;1.784028e+000;6.045100e+000;-6.324431e+000;4.530788e+000;-5.046613e+000;1.633092e+000;2.479372e+000;-4.898307e+000;6.206233e+000;1.607280e+000;-3.929174e+000;-2.187446e-001;-2.365049e-001;-2.752460e+000;6.420652e-001;2.420081e+000;-4.912077e-001;-3.074402e+000;-1.963660e-001;-1.516030e+000;-5.418242e-001;1.358039e+000;7.308173e-003;2.963565e+000;1.651146e-001;-1.163671e+000;-1.988031e+000;5.531555e-001;-2.813334e+000;-3.226339e+000;2.300523e+000;1.780408e+000;-1.290453e+000;3.296453e-001;-1.377059e+000;5.297993e-001;-3.201089e-002;-3.300202e-001;-2.702734e-001
'unknown';0.550000;-1.540573e+000;-1.851922e+000;1.954234e+001;-1.015192e+000;-4.301494e+000;-4.175041e+001;3.447116e+001;-2.108986e+001;1.325888e+001;-1.061504e+001;-9.900956e+000;5.749904e+000;1.518624e+001;-2.379074e+001;1.325429e+000;-1.000661e+001;4.450431e+000;-1.474270e+001;1.108615e+000;1.837012e+000;1.334678e+002;-2.679244e+000;2.194972e+000;-5.335839e+000;1.568892e+000;3.788239e+000;-3.007549e+000;1.067388e+000;-4.872829e+000;8.652254e-001;6.340352e+000;-4.415341e+000;-4.220409e-001;7.048079e+000;1.557845e+000;-1.526613e+000;1.206367e+000;-3.970422e+000;1.897267e+000;2.295264e+000;-8.633636e-001;-3.891932e+000;4.690378e-001;-1.318995e+000;-7.617215e-001;1.418095e+000;-1.205181e+000;3.849508e+000;-1.682137e+000;-2.603086e-001;-1.168535e+000;-1.234698e+000;-5.326343e-001;-4.254717e+000;1.495517e+000;2.670344e+000;-1.151919e+000;5.990655e-001;-9.918528e-001;1.218435e-001;-3.960595e-001;-1.559181e-001;1.958151e-001
'unknown';0.560000;-4.952852e+000;-1.184507e+001;2.155497e+001;3.618137e+000;-2.827091e+000;-3.664415e+001;3.516838e+001;-2.487296e+001;-2.378999e+000;-2.014530e+001;-2.099295e+001;-6.770357e-001;9.427193e+000;-2.472208e+001;2.286899e+000;-7.243744e+000;-7.960492e-001;-1.524320e+001;3.910627e+000;3.722133e+000;1.273738e+002;-2.014868e+000;7.095388e-001;-5.526189e+000;5.841166e+000;2.071759e+000;3.144351e+000;4.609455e-001;-6.593792e+000;-1.237189e+000;1.509219e+000;-7.391416e+000;-6.371222e+000;7.246892e+000;2.752326e+000;-3.892211e+000;1.985579e+000;-3.991222e+000;1.111076e+000;1.097346e+000;-1.241404e+000;-2.538399e+000;6.149908e-001;3.545800e-001;-6.068980e-001;1.217108e+000;-1.056257e+000;2.915447e+000;-2.042644e+000;2.145316e+000;5.026885e-001;-1.730374e+000;9.739202e-001;-2.903178e+000;-7.837417e-001;2.175093e+000;-3.412143e-001;1.760022e-001;3.928731e-002;-1.070477e-001;-6.834151e-001;-1.230840e-001;7.943357e-001
'unknown';0.570000;-5.061311e+000;-5.150978e+000;4.737400e+000;2.016775e+000;-4.630401e+000;-3.468251e+001;2.005113e+001;-3.000268e+001;3.605710e+000;1.782863e+000;-7.488249e+000;-4.637850e+000;3.309225e+001;-9.899724e+000;-4.927372e+000;-4.476716e+000;-2.906191e+000;-1.098510e+001;5.253003e+000;6.273878e-001;1.253207e+002;9.326975e-002;2.716397e+000;-6.136336e+000;5.548998e+000;1.493301e+000;4.829414e+000;-4.343338e+000;-4.122869e+000;5.534970e-001;-1.660494e+000;-2.613326e+000;-6.268035e+000;4.706586e+000;5.828166e+000;-3.694488e+000;1.213290e+000;-4.350127e+000;5.104252e-001;8.756908e-001;-8.648440e-001;-1.560677e+000;-4.051260e-001;1.343180e+000;4.953329e-001;7.306706e-001;7.168842e-003;1.284618e+000;-6.530266e-001;4.182920e+000;7.153661e-001;-3.012690e+000;6.675755e-001;-5.291756e-001;-4.063328e+000;-2.268559e-001;1.577195e+000;-2.952930e-001;9.043270e-001;-3.672963e-001;-6.949095e-001;2.139857e-001;1.254779e+000
'unknown';0.580000;-4.479180e+000;5.470266e-001;-1.083502e+000;1.990905e+001;8.439513e-001;-1.910159e+001;2.550607e+001;-4.411915e+001;7.989849e+000;-2.401365e+001;-3.102793e+001;-1.506366e+001;3.256279e+001;-1.433343e+001;-1.003948e+001;-4.230989e+000;-9.389985e+000;-1.320334e+001;4.305683e+000;-1.481424e+000;1.271628e+002;-8.843873e-001;6.148707e+000;-5.662684e+000;5.879513e+000;1.911285e+000;4.334319e+000;-2.977067e+000;5.304987e+000;4.302399e+000;-2.172074e+000;-9.297136e-001;-5.386662e+000;-1.140681e+000;4.811131e+000;-8.408786e-001;6.400448e-001;-2.366171e+000;8.002473e-001;-2.872079e-001;-1.105888e+000;-2.683510e-001;-1.986233e+000;1.428197e+000;1.400824e+000;-8.619623e-001;-9.950164e-002;-9.615534e-001;-7.047708e-002;4.595023e+000;3.749440e-002;-9.752423e-001;1.016474e+000;1.818605e+000;-4.486316e+000;-2.120990e+000;2.709321e+000;-3.275845e-001;1.680411e+000;-1.615392e-001;-4.886795e-001;5.343748e-001;1.300212e+000
'unknown';0.590000;-1.311059e+000;5.534018e+000;1.798919e-001;1.858434e+001;1.329488e+000;-2.637461e+001;1.758563e+001;-3.208111e+001;1.084195e+001;-1.698334e+001;-1.795009e+001;-1.839696e+001;2.715138e+001;1.557624e-001;-1.098382e+001;-5.446544e+000;-1.300323e+001;-1.321050e+001;5.289541e+000;1.145700e-001;1.257699e+002;-5.270114e+000;6.191289e+000;-2.790927e+000;5.203071e+000;3.904320e+000;2.820554e+000;-4.787384e-001;1.009238e+001;1.672262e+000;-6.882449e+000;-4.308314e+000;-3.560199e+000;-9.074774e+000;-6.058372e-001;4.833694e+000;4.026691e-001;-2.613125e-001;2.161995e-001;-4.870062e-001;1.388066e-001;1.246937e+000;-3.021379e+000;-2.557893e-002;1.552272e+000;-1.301059e+000;-1.248294e+000;-1.778244e+000;1.105908e+000;1.780740e+000;-1.006913e+000;1.133068e+000;-2.075126e-001;3.070479e+000;-2.092498e+000;-3.573593e+000;1.926355e+000;1.798584e-001;1.868424e+000;-7.790634e-002;-3.617723e-001;5.550377e-001;1.268274e+000
'unknown';0.600000;-1.124991e+001;1.355597e+001;-4.479699e+000;2.473192e+001;3.749392e+000;-1.912650e+001;2.151579e+001;2.691190e+000;1.551488e+001;-2.162257e+001;-2.041059e+001;-2.073079e+001;6.694221e+000;-5.694173e+000;1.110731e+000;-3.558606e+000;-7.578383e+000;-1.012926e+001;2.456318e+000;-1.550895e+000;1.258075e+002;-9.264339e+000;6.113080e+000;-1.947726e-001;1.704318e+000;3.687417e-001;-6.589864e-001;-1.823740e+000;9.273695e+000;-1.609100e+000;-7.560148e-001;-1.461552e+000;1.367884e+000;-8.294008e+000;-4.635622e+000;5.390300e+000;7.529662e-001;2.366425e+000;4.504929e-001;-6.647032e-001;9.286442e-001;2.558856e+000;-2.066171e+000;-1.621696e+000;1.050737e+000;-1.585181e+000;-1.930687e+000;-1.840764e+000;7.595475e-001;-2.881658e+000;-1.718416e+000;2.784832e+000;-4.967631e-001;2.720052e+000;1.498200e+000;-2.320297e+000;-6.493288e-002;3.485377e-001;1.005324e+000;-1.941393e-001;2.502200e-002;5.466334e-001;6.820055e-001
'unknown';0.610000;-2.802652e+001;1.930099e+001;-7.519138e+000;2.562070e+001;1.343848e+001;-2.056729e+001;1.965258e+001;-2.945952e+000;8.204506e+000;-3.382492e+001;-3.433849e+001;-1.960528e+001;6.526632e-001;-1.724854e+001;1.366599e+001;-2.799561e+000;-5.118555e+000;-1.144114e+001;3.742654e+000;1.356156e+000;1.322331e+002;-1.082365e+001;2.606316e+000;-1.108933e+000;1.131300e+000;-3.976899e+000;-1.565151e+000;6.095383e-001;2.796476e+000;-1.525317e+000;3.296818e+000;-3.384969e+000;5.707087e+000;-2.179240e+000;-7.316424e+000;2.821699e+000;2.056121e+000;2.625695e+000;2.957707e-001;-7.444229e-001;8.930785e-001;3.367088e+000;3.259740e-001;-2.082374e+000;-1.860557e-002;-1.156580e+000;-1.758237e+000;-9.190761e-001;9.831246e-001;-4.318474e+000;-5.283679e-001;3.095876e+000;9.888792e-003;1.041738e+000;3.637148e+000;6.170936e-001;-1.813494e+000;4.158711e-001;-3.043480e-002;-1.890759e-001;-4.926911e-002;2.000611e-001;-2.033558e-001
'unknown';0.620000;-3.744315e+001;2.422894e+001;1.792150e+000;2.491246e+001;-3.366835e+000;-2.530019e+001;1.535390e+001;-1.231826e+001;1.263069e+000;-1.937293e+001;-3.014149e+001;-7.620082e+000;4.342104e+000;-2.880939e+001;4.587108e+000;-1.789649e+000;-1.500201e+000;-1.183555e+001;1.755610e+000;2.541004e+000;1.367255e+002;-8.438478e+000;-1.672867e-001;-1.249996e+000;-1.050434e-002;-3.801542e+000;-2.676646e+000;2.765316e-001;-5.455352e+000;-2.690892e+000;6.662450e+000;-3.875201e+000;3.579953e+000;2.902554e+000;-3.435062e+000;-1.595455e-001;1.556007e+000;1.216943e+000;-2.102348e-001;-3.338952e-002;1.250143e+000;2.081601e+000;2.224243e+000;-1.664118e+000;-6.349878e-001;-3.487972e-001;-5.036302e-002;6.869832e-001;1.718081e+000;-3.540569e+000;2.568451e-001;-3.379274e-001;-3.346323e-001;-9.928945e-001;2.674632e+000;2.662391e+000;-1.293462e+000;-9.263899e-002;-6.749020e-001;-1.367300e-001;-3.057911e-001;-1.581811e-001;-8.845463e-001
'unknown';0.630000;-4.233268e+001;1.322912e+001;-8.500697e+000;2.415057e+001;-1.499689e+001;-3.111353e+001;2.371427e+001;-1.059401e+001;1.034126e+001;-1.624073e+000;-3.000949e+001;3.583123e+000;1.743123e+001;-2.486875e+001;1.386486e+000;3.949583e+000;-2.913852e+000;-1.087850e+001;1.917781e+000;2.534013e+000;1.371463e+002;-4.053174e+000;-1.080396e+000;-2.356344e+000;2.775827e-001;-2.801723e+000;-7.659956e-001;3.386749e+000;-4.135468e+000;-4.286814e-001;4.887698e+000;-3.052046e+000;5.424550e-001;3.512684e+000;1.879351e+000;-1.458852e+000;2.080504e+000;1.612545e-001;-3.988160e-001;-1.049009e+000;9.783627e-001;4.687851e-001;2.667652e+000;1.201907e-002;1.646443e-001;7.512964e-002;8.124090e-001;1.193290e+000;1.230283e+000;-1.242883e+000;1.962022e-001;-3.149797e+000;5.769678e-001;-1.479770e+000;-4.356836e-001;2.946365e+000;-1.846349e-001;-1.129807e+000;-5.519797e-001;5.349315e-002;-6.046324e-001;-3.400760e-001;-1.074721e+000
'unknown';0.640000;-4.628923e+001;1.575548e+001;-1.023890e+001;2.541446e+001;-1.040635e+000;-2.723662e+001;2.086761e+001;-2.076154e+001;9.920371e-001;-4.410738e+000;-4.195110e+001;-1.442523e+001;1.281771e+001;-1.905938e+001;6.452757e+000;8.468572e-001;-2.596020e+000;-1.146176e+001;3.201807e+000;4.110893e+000;1.337589e+002;-1.528359e+000;-3.641550e-001;-2.746006e+000;3.871906e-001;-4.706616e-001;2.376352e+000;5.378058e+000;-4.963177e+000;-8.731920e-001;-3.241092e+000;-3.301176e+000;-1.014273e+000;2.233190e+000;4.078445e+000;1.063267e+000;2.775797e-001;2.241352e-001;1.141362e-001;-2.041366e+000;9.509659e-002;-4.147247e-001;1.880926e+000;7.523941e-001;7.749451e-001;-1.410937e-001;-1.268068e-001;8.217161e-001;2.965300e-001;8.925292e-001;5.972738e-001;-3.448286e+000;1.660087e+000;2.108287e-001;-1.885182e+000;1.460843e+000;-9.585486e-002;-1.648508e+000;-2.372355e-001;2.692324e-001;-5.609599e-001;-4.472012e-001;-6.432049e-001
'unknown';0.650000;-4.386935e+001;1.813575e+001;-1.328533e+001;2.675761e+001;-1.733234e+000;-2.342905e+001;3.382946e+001;-1.940165e+001;6.196615e+000;-1.686753e+001;-4.369391e+001;-1.349043e+001;1.397828e+001;-1.272679e+001;5.438909e+000;6.284707e+000;-3.764373e+000;-1.362212e+001;-2.225487e+000;5.463025e+000;1.360604e+002;-9.404442e-001;2.764846e+000;4.622938e-001;1.308101e+000;-1.580294e+000;1.874799e+000;4.210190e+000;-3.664028e+000;-1.453156e+000;-7.500397e+000;-7.871433e-001;6.053498e-001;-4.022976e+000;3.658648e+000;1.287119e+000;-2.953701e+000;3.621999e-001;4.010510e-001;-2.763597e+000;-2.297784e-001;-7.583542e-001;6.246979e-001;5.068771e-001;1.322705e+000;-8.514274e-001;-5.562198e-001;4.717102e-001;-1.203075e+000;1.356206e+000;1.081146e+000;-8.159157e-001;2.303056e+000;1.156894e+000;-1.558699e+000;9.424920e-002;-2.561328e-001;-1.827116e+000;5.869839e-002;3.674428e-001;9.032565e-002;-2.921528e-001;-3.119795e-001
'unknown';0.660000;-4.431661e+001;1.995485e+001;-9.545565e+000;2.554489e+001;-1.235197e+001;-1.726067e+001;3.718659e+001;-3.273032e+001;-1.030566e+000;-2.795666e+001;-3.980516e+001;-4.154670e+000;1.723453e+001;-1.448814e+001;7.877229e+000;-1.569312e+000;4.573537e-002;-9.893064e+000;-6.379588e+000;1.551981e+000;1.351949e+002;-5.902115e-001;1.672063e+000;1.215412e+000;-1.231232e+000;-5.046290e+000;1.115370e-001;1.347461e+000;-1.228425e+000;8.077143e-001;-4.384933e+000;3.292784e+000;4.602649e+000;-2.755524e+000;2.979502e+000;-2.011805e+000;-4.169430e+000;-6.970732e-002;7.359935e-001;-1.980895e+000;-3.817922e-001;-5.208542e-001;7.943748e-002;-1.719630e-001;1.161943e+000;-1.425128e+000;-4.537764e-001;6.860466e-001;-1.896707e+000;1.735134e+000;1.429655e+000;2.532873e+000;2.101625e+000;1.535966e-001;-2.046555e-001;1.360414e-001;-5.232326e-001;-9.625694e-001;-2.640277e-002;1.167771e-001;6.362683e-001;-9.318433e-003;-1.054694e-001
'unknown';0.670000;-4.802121e+001;2.495366e+001;-6.535894e+000;3.062586e+001;-1.724269e+001;-2.672751e+001;3.660573e+001;-2.292976e+001;4.086785e+000;-2.735309e+001;-3.501818e+001;1.474593e+000;-4.892056e+000;-8.861128e+000;7.109844e+000;-9.610838e+000;-2.423730e+000;-9.657594e+000;-7.109505e+000;2.664577e+000;1.326366e+002;-1.398759e+000;4.358805e-001;2.276472e+000;-3.170343e+000;-3.295007e+000;2.724963e+000;-6.133270e-001;7.781879e-001;4.136593e+000;1.380040e+000;5.166257e+000;3.518463e+000;-1.786456e+000;2.900069e+000;-1.201980e+000;-4.831573e+000;6.016677e-001;1.127469e+000;-6.276157e-001;-2.439568e-001;-1.038048e+000;4.163528e-001;-7.890674e-001;3.211823e-001;-1.279357e+000;2.943508e-001;1.723471e+000;-9.990468e-001;4.263978e-001;5.657696e-001;3.578003e+000;4.370493e-001;-2.055541e+000;1.120091e+000;1.953697e-001;9.645770e-002;1.525819e-001;5.614278e-002;5.591942e-002;7.327496e-001;-7.466614e-002;-1.652239e-001
'unknown';0.680000;-4.716436e+001;2.070684e+001;-7.536559e+000;1.732417e+001;-1.851735e+001;-2.502970e+001;2.621678e+001;-2.513961e+001;6.085523e+000;-2.109262e+001;-2.982505e+001;1.105505e+000;8.475256e+000;-6.094700e+000;-4.441738e+000;-1.205252e+001;-3.614878e+000;-9.764054e+000;-4.260660e+000;3.601156e+000;1.328665e+002;-9.020146e-001;-5.948715e-002;2.156619e+000;-4.499227e+000;-1.882187e+000;5.381503e+000;-1.693717e+000;1.491387e+000;3.480207e+000;4.983057e+000;4.230250e+000;-1.702847e+000;9.165268e-002;5.137942e+000;-3.083470e-001;-3.596332e+000;-2.761254e-002;3.348127e-001;7.198453e-002;5.559366e-002;-8.022248e-001;1.028845e+000;-2.086602e-001;-3.009399e-001;1.352896e-001;1.445686e+000;1.405425e+000;-4.592215e-002;-8.525076e-001;-1.001703e+000;2.246326e+000;-6.266491e-001;-3.207989e+000;3.062237e-001;-7.837174e-002;5.973064e-001;8.841075e-001;2.870495e-001;-4.442525e-002;4.418212e-001;-2.196824e-001;-4.962239e-001
'unknown';0.690000;-4.943927e+001;1.993915e+001;-2.907477e+000;1.501626e+001;-1.512558e+001;-5.919718e+000;3.624773e+001;-1.930606e+001;2.332154e+001;-1.339935e+001;-2.285268e+001;1.471794e+000;9.425636e+000;-2.423162e+000;5.588490e+000;-1.263155e+001;1.074272e+000;-8.049279e+000;-6.423030e+000;3.218653e+000;1.320343e+002;1.297221e+000;-3.147163e-001;1.597602e+000;-3.454686e+000;-1.690591e+000;7.857172e+000;7.355448e-001;-2.891946e+000;3.944535e-002;5.705624e+000;9.293703e-001;-6.519608e+000;1.538887e-001;3.556277e+000;9.176780e-001;-2.477341e+000;6.218665e-001;8.812385e-001;-1.262881e-001;-8.218020e-001;-1.443788e+000;1.648339e+000;6.538010e-002;-8.990842e-001;1.187577e+000;1.730752e+000;-8.496310e-001;-5.215174e-001;-1.205902e+000;-2.986413e+000;-3.636692e-002;4.608824e-002;-1.715126e+000;-1.443338e-001;-1.104845e+000;-6.638376e-001;1.197239e+000;2.578563e-001;-2.539965e-002;4.197943e-001;-2.940847e-001;-7.735082e-001
'unknown';0.700000;-4.811765e+001;2.216467e+001;-5.766808e-001;1.085356e+001;-2.282147e+001;-7.570469e-001;2.889700e+001;-2.708524e+001;6.753095e+000;-1.001825e+001;-2.473665e+001;-1.266750e+001;1.053395e+001;7.982583e+000;7.096171e+000;-1.804061e+001;-1.841329e+000;-9.023157e+000;-6.362903e+000;1.552911e+000;1.314849e+002;3.206025e+000;1.004061e+000;5.014725e-002;-4.126123e-001;1.379933e+000;4.572558e+000;4.434143e-001;-3.655896e+000;-2.152228e+000;4.683906e+000;2.277982e+000;-6.418262e+000;-2.194578e+000;2.259540e+000;-8.510280e-002;-9.260086e-001;1.355441e+000;6.369826e-001;-2.245316e-002;-1.191282e+000;-2.799103e+000;1.465021e+000;-4.765527e-001;-1.208535e+000;1.796242e+000;2.075525e+000;-2.873409e+000;-1.771619e+000;1.012285e-002;-2.683874e+000;-1.710912e+000;1.471835e+000;8.370813e-001;-4.624886e-001;-1.814192e+000;-1.391427e+000;1.186819e+000;3.062552e-001;8.193097e-002;6.641200e-001;-1.643163e-001;-1.195351e+000
'unknown';0.710000;-4.105845e+001;2.265117e+001;-2.027825e+000;1.658774e+001;-2.354360e+001;4.220237e-001;3.894334e+001;-3.641668e+001;3.950226e+000;-4.362160e+000;-3.291552e+001;-2.423695e+001;-5.151957e+000;1.881614e+000;5.929280e+000;-1.900350e+001;-2.011728e-001;-5.621850e+000;-6.689825e+000;-4.203107e-001;1.261084e+002;4.788916e+000;2.310072e-001;-1.165714e+000;7.242374e-001;3.727695e+000;-1.118720e+000;-4.289479e+000;-2.677679e+000;-7.979257e+000;1.347780e+000;6.372832e+000;-2.699460e+000;-1.365010e+000;-1.184953e+000;-4.632791e+000;-1.805391e-001;1.199422e+000;8.493859e-001;1.518574e+000;-1.090943e+000;-3.907150e+000;6.810109e-001;-1.165747e+000;-9.891258e-001;1.323975e+000;1.394134e+000;-4.050893e+000;-3.326860e+000;1.854840e+000;-1.332059e+000;-2.283074e+000;2.614906e+000;3.051158e+000;7.017051e-002;-9.054190e-001;-8.253033e-001;1.350587e+000;-1.717655e-001;-3.612173e-001;6.761267e-001;1.104888e-001;-1.290076e+000
'unknown';0.720000;-3.532464e+001;2.437114e+001;-7.725649e+000;1.447537e+001;-7.408682e+000;-5.337782e+000;2.708605e+001;-3.486379e+001;5.010039e+000;-2.191687e+000;-1.340372e+001;-1.813143e+001;4.791161e+000;3.050610e+000;-5.037647e+000;-1.349659e+001;3.800049e+000;-7.792856e+000;-4.239529e+000;-5.357706e-001;1.218339e+002;4.677241e+000;-2.715112e+000;-2.504399e+000;2.392524e+000;5.786296e+000;-4.497593e+000;-8.039299e+000;1.434868e+000;-5.929811e+000;-1.392584e+000;8.867694e+000;5.724859e-001;-1.461341e+000;-1.562402e+000;-4.490247e+000;1.189362e+000;1.214885e+000;7.603939e-001;2.570153e+000;-6.314176e-001;-5.547301e+000;-1.473392e-001;-1.837085e+000;-3.577829e-001;-9.017602e-002;-1.288638e+000;-2.419238e+000;-1.890068e+000;2.007597e+000;-3.542132e-002;-2.127776e+000;6.791568e-001;2.985481e+000;3.779225e-001;6.124687e-002;9.757912e-001;1.598138e+000;-8.789896e-001;-3.332663e-001;1.485717e-001;1.609228e-001;-1.066123e+000
'unknown';0.730000;-3.189120e+001;1.999096e+001;-5.161561e+000;1.682654e+001;-4.193499e+000;-9.222949e+000;1.570582e+001;-2.880518e+001;-1.570322e+001;-1.057373e+001;3.345011e+000;-9.293541e+000;5.471980e+000;-5.881943e+000;-1.150856e+001;-1.580626e+001;4.250696e+000;-4.417500e+000;1.081547e-001;-1.191719e+000;1.173240e+002;3.966668e+000;-4.283863e+000;-2.070755e+000;1.762622e+000;3.076896e+000;-7.862219e+000;-1.165740e+001;3.836870e+000;-4.732060e+000;-2.671501e+000;1.070904e+001;5.240806e+000;1.381225e-001;9.401529e-001;-1.006267e+000;3.217906e+000;-1.666834e-001;-9.865538e-001;1.958043e+000;-5.492901e-001;-6.520071e+000;-6.511977e-001;-1.415044e+000;-8.684151e-002;-2.028931e+000;-2.887456e+000;5.560319e-002;-2.593746e-001;4.028470e-001;1.147850e+000;-1.348696e+000;-2.550700e+000;2.004293e-001;9.780739e-002;1.548096e+000;2.129749e+000;1.213592e+000;-7.613705e-001;-2.131608e-001;-6.315664e-001;1.062896e-001;-3.100373e-001
'unknown';0.740000;-2.931507e+001;9.919210e+000;-1.153181e+001;2.269678e+001;-3.565037e+000;-1.842253e+001;3.192688e-001;-2.371664e+001;-1.306924e+001;-1.387538e+001;1.471549e+000;-1.727678e+001;-2.084728e+000;4.052349e+000;-6.636144e+000;-1.369242e+001;2.007164e+000;-5.823363e+000;3.088873e+000;-1.218473e+000;1.081406e+002;2.880454e+000;-5.923929e+000;-1.286247e+000;-1.382685e+000;-4.737856e+000;-4.151879e+000;-5.322968e+000;3.124813e+000;-3.952933e+000;-3.945332e+000;3.505660e+000;4.539011e+000;-1.056532e+000;1.503221e+000;2.980591e+000;5.365461e+000;-2.356454e+000;-1.113789e-001;5.006713e-001;-6.574942e-001;-6.823258e+000;-1.037450e+000;-2.196140e-001;2.839119e-002;-3.378668e+000;-2.806083e+000;1.132274e+000;1.271720e+000;-1.536600e+000;6.973898e-001;-3.373942e-001;-4.210414e+000;-2.297784e+000;4.314491e-001;1.653074e+000;1.443604e+000;-2.109175e-001;1.858312e-002;2.836768e-001;-8.952454e-001;2.817985e-001;1.173321e+000
'unknown';0.750000;-2.422990e+001;8.457813e+000;-1.047852e+001;2.129015e+001;-1.008094e+001;-3.234670e+001;-5.960251e+000;-2.280590e+001;-1.067043e+001;-1.187781e+001;1.319206e+001;1.539755e+000;-1.023401e+000;6.081509e+000;1.697195e+000;-2.816054e+000;-1.381479e-001;-1.153937e+001;-5.638133e-001;-2.825410e+000;1.003548e+002;2.431321e+000;-5.239805e+000;-2.208997e+000;-7.532813e+000;-5.447511e+000;-1.013561e+000;-6.944518e+000;-1.508416e+000;-3.228448e+000;-4.119323e+000;-3.699651e+000;-3.680576e+000;-1.078377e+000;5.022716e+000;2.280537e+000;3.799370e+000;-8.217601e-001;2.194682e-001;-6.045171e-001;-5.464563e-001;-4.819357e+000;-1.404407e+000;9.404197e-001;-3.893262e-001;-2.562402e+000;-1.059490e+000;1.220721e+000;2.462771e+000;-2.123465e+000;8.888523e-001;6.213609e-001;-4.031675e+000;-2.742733e+000;8.627974e-001;9.647548e-003;5.795669e-001;-1.596114e+000;7.738649e-001;4.073163e-001;-6.488618e-001;6.345534e-001;2.820109e+000
'unknown';0.760000;-2.475302e+001;5.180632e-001;-1.149840e+001;5.330142e+000;-2.815424e+001;-1.453530e+001;1.130424e+001;-2.223936e+001;-1.727102e+001;-2.126631e+001;-7.989441e-001;-8.530242e-001;2.756191e+000;4.584988e+000;3.262435e+000;6.835614e+000;-5.787800e+000;-4.788818e+000;-1.400188e+000;-3.006396e+000;9.620229e+001;2.576664e-001;-3.335212e+000;-2.293321e+000;-9.853097e+000;-3.981917e+000;-2.260550e+000;-4.037138e+000;-3.575487e+000;-3.194668e+000;-2.355644e+000;-4.980029e+000;-6.455742e+000;1.304155e+000;4.661685e+000;1.084370e+000;-1.559572e-001;1.635339e+000;1.575767e+000;-6.247941e-001;7.761582e-001;-5.310501e-001;-1.549308e+000;2.285420e+000;-4.682034e-001;4.723806e-001;1.015130e+000;-5.676143e-002;2.574790e+000;-1.521016e+000;1.604419e+000;1.818850e+000;-8.663275e-001;-2.374084e-001;1.045419e+000;-1.811242e+000;9.156360e-002;-2.172197e+000;1.118453e+000;-4.417591e-001;-3.506729e-001;7.708419e-001;3.800019e+000
'unknown';0.770000;-2.201561e+001;-1.507496e+000;-1.622325e+001;-1.215421e+001;-1.913645e+001;-1.623437e+001;-2.450926e+001;-3.708590e+001;-2.974457e+001;-2.747488e+001;-1.401800e+001;-3.590830e+001;-2.340366e+000;1.896531e+001;-5.055159e+000;-7.073427e+000;4.039378e+000;-3.837432e+000;-6.698999e-001;-3.030039e+000;9.919640e+001;-1.743973e+000;-8.761233e-001;-3.513848e+000;-6.814184e+000;-2.598525e+000;-2.704278e+000;1.354246e-002;-3.430305e+000;-6.669310e-001;-3.595402e-001;-5.206487e+000;-2.975482e+000;3.271766e+000;-5.908414e-001;2.839678e+000;-2.001955e+000;1.706745e+000;2.064548e-001;-7.235336e-001;1.906651e+000;4.434370e+000;-1.414050e+000;2.781787e+000;1.763962e-001;3.798186e+000;8.039662e-001;2.021774e-001;4.295362e+000;-9.054642e-001;2.464825e+000;2.512399e+000;1.609311e+000;4.143067e+000;9.907166e-001;-3.506772e+000;6.765682e-001;-1.075823e+000;-2.637079e-001;-9.175333e-001;-2.676044e-001;3.807745e-001;3.386267e+000
'unknown';0.780000;-2.913388e+001;-1.774193e+000;-2.012605e+001;-9.846529e+000;-1.894687e+001;-3.778144e+001;-1.059192e+001;-3.445408e+001;-1.950551e+001;-1.785507e+001;-9.823565e+000;-3.083146e+001;5.094528e+000;2.091887e+001;2.161885e+000;-1.234352e+001;8.095098e+000;-1.795496e+000;1.794638e-002;2.764633e+000;1.060645e+002;-2.778440e+000;3.321330e+000;-2.974838e+000;6.199033e-001;-1.086700e+000;-3.590328e+000;4.071949e+000;-3.519321e+000;2.788402e+000;3.269024e+000;-7.255916e-002;2.999422e+000;1.995494e+000;-4.746210e+000;3.158839e+000;-2.594862e+000;1.971559e+000;-2.313668e+000;-1.193185e+000;1.970161e+000;7.549972e+000;-3.821999e-001;2.228648e+000;6.925830e-001;4.429497e+000;6.711460e-001;1.444148e+000;3.454852e+000;-6.219416e-001;2.221125e+000;1.874557e+000;1.905486e+000;4.621614e+000;4.804937e-001;-3.047374e+000;3.755511e-001;2.036220e-001;-1.460284e+000;-6.704093e-001;-1.581967e-001;-5.277693e-001;1.756170e+000
'unknown';0.790000;-3.075933e+001;5.223325e+000;-2.373394e+001;-5.192436e+000;-2.767725e+001;-3.424501e+001;5.055540e+000;-3.385007e+001;-1.288784e+001;-1.538113e+001;-8.328061e+000;1.651564e+000;1.416626e+001;-5.039639e+000;1.644586e+001;-3.236262e+000;1.454126e+000;-1.200375e+001;-4.890549e+000;3.822330e+000;1.175955e+002;-3.120873e+000;5.340858e+000;-9.862577e-001;6.221618e+000;-2.875289e+000;6.622146e-001;1.047775e+001;-6.063820e+000;6.104145e+000;5.630341e+000;1.893172e+000;1.230718e+001;3.529536e+000;-7.807199e+000;4.626144e+000;-3.602911e-001;-2.308409e+000;-2.423481e+000;-1.658344e+000;7.604146e-001;8.071468e+000;1.698774e-001;6.054677e-001;1.394198e+000;2.381708e+000;4.239934e-001;1.391147e+000;1.770772e+000;-5.213040e-001;7.806520e-001;1.361689e+000;1.226310e+000;1.751646e+000;6.456159e-001;-5.034369e-001;-5.758342e-001;4.005344e-001;-1.321966e+000;6.880006e-001;3.853394e-001;-1.063769e+000;-4.264688e-001
'unknown';0.800000;-3.427336e+001;1.375930e+001;-2.261725e+001;4.948773e+000;-2.931734e+001;-2.348162e+001;1.688158e+001;-4.145388e+001;-1.175737e+001;-1.096806e+001;-4.006707e+000;-4.635845e+000;4.480347e+000;-7.143584e+000;8.306118e+000;-8.057278e+000;5.362621e+000;-1.227400e+001;-5.255788e+000;3.418227e+000;1.247526e+002;-9.648834e-001;4.699536e+000;-9.420128e-002;5.776488e+000;-4.878048e-001;3.276944e+000;8.005022e+000;-5.368438e+000;4.525418e+000;4.022201e+000;9.975711e-001;9.010996e+000;3.577738e+000;-6.967007e+000;2.068893e+000;4.132094e-002;-3.658504e+000;-4.613121e-001;-9.483724e-001;-1.289570e+000;6.431248e+000;3.046510e-001;-1.614216e+000;1.165227e+000;-7.499654e-001;-1.379206e-001;5.255076e-001;-1.210558e-001;8.821957e-001;-9.480737e-001;6.107253e-001;-3.426730e-001;-7.972302e-001;1.154059e+000;1.459557e+000;-7.589914e-001;4.848458e-002;-9.143982e-001;1.389484e+000;9.331549e-001;-7.936426e-001;-2.101082e+000
'unknown';0.810000;-3.505024e+001;1.743005e+001;-1.990894e+001;1.155623e+001;-2.832766e+001;-2.007321e+001;1.414272e+001;-6.390510e+001;-3.097914e+000;-2.766684e+000;-7.460567e+000;1.252979e+001;1.561440e+001;-6.039451e+000;1.500344e+001;-1.101800e+001;-6.136431e+000;-1.071559e+001;-6.324752e+000;4.452368e-001;1.302097e+002;-1.801365e+000;1.462112e+000;2.016824e+000;2.516064e+000;-7.780048e-001;8.178231e-001;6.900866e+000;-5.112267e+000;2.367821e+000;6.072316e+000;3.899983e-001;2.776961e+000;5.708724e+000;-1.997627e+000;5.054800e-001;-1.317374e+000;-2.088052e+000;2.720280e+000;1.080757e+000;-1.782328e+000;2.861388e+000;2.844277e-001;-2.805733e+000;5.444869e-001;-2.323178e+000;-2.767707e-001;-6.139730e-001;-1.922496e+000;3.093111e+000;-1.941059e+000;-4.590445e-001;-8.256062e-001;-2.697124e+000;1.695859e-001;1.946826e+000;-1.193344e+000;-2.679330e-001;5.887520e-001;8.037329e-001;9.240214e-001;-5.088889e-002;-2.840958e+000
'unknown';0.820000;-3.181284e+001;1.562013e+001;-2.250956e+001;1.066158e+001;-2.106069e+001;-2.848263e+001;2.488960e+001;-4.626875e+001;-1.773384e+000;-4.051290e+000;-5.269456e+000;8.784410e+000;2.225915e+001;-1.341626e+001;1.322756e+001;-8.246045e+000;-6.402145e+000;-4.746140e+000;-4.006814e+000;-1.994671e+000;1.319136e+002;-1.914939e+000;-2.810377e+000;1.349755e+000;-1.277147e+000;-2.824945e+000;-1.040594e+000;5.255109e+000;4.158806e-001;-8.380492e-002;6.101663e+000;-1.034337e+000;3.778380e+000;6.676193e+000;-3.532108e-001;1.424214e+000;-1.873897e+000;-2.710610e+000;2.061870e+000;2.103039e+000;-7.266803e-001;-3.503998e-001;1.687068e-001;-2.606960e+000;4.550609e-001;-1.433534e+000;-1.697928e-003;-7.002786e-001;-2.744296e+000;2.967191e+000;-1.869197e+000;-1.312650e+000;-8.788857e-001;-1.950962e+000;-1.775109e+000;1.211298e+000;-9.794143e-001;-3.442781e-002;1.304183e+000;-4.150708e-001;2.531690e-001;6.929821e-001;-2.752024e+000
'unknown';0.830000;-4.099641e+001;1.160347e+001;-1.370366e+001;4.531482e+000;-3.569560e+001;-2.765539e+001;3.555586e+001;-5.700397e+001;-6.040732e+000;1.152206e+001;-5.746695e+000;8.826241e+000;3.382048e+001;-1.189144e+001;1.651254e+001;-9.728750e+000;-3.103753e+000;-2.166281e+000;-1.112486e-001;-2.382861e+000;1.283219e+002;-1.223706e+000;-4.932849e+000;1.014199e+000;-1.867453e+000;-3.090573e+000;-2.488815e-001;2.240223e+000;6.509573e+000;-1.296541e+000;2.295388e+000;-1.218905e+000;1.437865e+000;2.828238e+000;-1.379965e+000;-1.018238e+000;-7.423471e-001;1.614034e-001;3.335927e-001;1.436057e+000;2.245252e-001;-2.742496e+000;1.045549e+000;-1.483142e+000;3.522592e-001;4.291748e-001;1.746535e+000;-1.421120e-001;-3.519076e+000;2.481306e+000;-1.057571e+000;-2.899918e+000;-6.254931e-001;-1.352336e+000;-3.830058e+000;2.611730e-001;-1.147669e+000;7.662501e-001;1.569655e+000;-1.331312e+000;-6.459914e-001;7.258044e-001;-2.045771e+000
'unknown';0.840000;-4.087497e+001;2.620707e+000;-1.897111e+001;2.075411e+000;-3.975809e+001;-2.489349e+001;3.245056e+001;-4.282505e+001;-1.070499e+001;1.239588e+001;-1.003533e+001;1.610783e+001;2.875827e+001;-5.983644e+000;1.467264e+001;-1.807139e+001;-9.706769e+000;-6.239300e+000;2.152654e+000;1.198875e+000;1.239445e+002;-4.101784e-001;-5.137784e+000;2.682416e+000;8.005781e-001;6.599895e-001;3.089029e-001;-3.386138e+000;3.656600e+000;-2.988386e+000;-6.525837e-001;-2.592406e+000;-7.426653e-002;-3.857562e+000;-1.219348e+000;-2.066320e+000;-4.183318e-001;1.737684e+000;-1.343323e+000;1.398225e-001;1.171914e+000;-4.526932e+000;1.416701e+000;-1.057416e-001;6.416664e-001;1.447008e+000;3.106193e+000;1.240432e-001;-3.485434e+000;-4.057436e-002;-1.345931e-002;-2.812506e+000;-8.130803e-001;-2.553069e+000;-4.250048e+000;2.981128e-001;-1.418344e+000;1.489767e+000;1.947500e+000;-7.389573e-001;-9.797214e-001;1.581457e-001;-1.323348e+000
'unknown';0.850000;-3.663771e+001;-7.344868e-001;-1.660716e+001;6.512048e+000;-3.443182e+001;-2.311218e+001;2.156336e+001;-3.307908e+001;-5.114816e+000;4.866690e-001;-1.117215e+001;1.605741e+001;2.650603e+001;-1.665558e+001;9.189717e+000;-9.817067e+000;-3.677102e+000;-8.301044e+000;-2.224199e+000;-2.890996e-002;1.204818e+002;2.673999e+000;-4.789897e+000;3.111789e+000;3.623075e+000;6.212202e+000;-5.674856e-001;-6.373888e+000;5.673903e+000;-1.467745e+000;-5.050152e+000;-1.958433e+000;-2.058397e+000;-8.174685e+000;-2.586933e-001;-3.487598e+000;1.786093e+000;3.536077e+000;-2.233685e+000;-1.167592e+000;8.973970e-001;-5.279202e+000;1.202630e+000;5.183579e-001;-2.701406e-001;3.638490e-001;2.736800e+000;2.598758e-001;-2.613842e+000;-1.805146e+000;8.201227e-001;-8.182452e-001;1.616059e-001;-2.315307e+000;-2.118710e+000;1.415070e+000;-1.310892e+000;1.029351e+000;1.009407e+000;1.643967e-002;-4.952015e-001;-2.330561e-001;-8.019853e-001
'unknown';0.860000;-3.604309e+001;-3.899811e+000;-7.645727e+000;1.367419e+001;-1.839263e+001;-2.920972e+001;1.495516e+001;-3.994820e+001;-1.717827e+001;-1.796513e+000;-1.551876e+001;4.797495e+000;6.628563e+000;-1.713093e+001;6.557372e+000;-1.029355e+001;2.572948e+000;-8.395372e+000;-2.251226e+000;2.687922e+000;1.131990e+002;3.219713e+000;-3.410561e+000;3.509291e+000;3.212627e+000;8.054632e+000;-2.610756e-001;-7.865005e+000;6.308438e-001;-6.549945e-002;-4.288097e+000;-4.729975e+000;-7.238833e+000;-9.072585e+000;5.767175e-001;-4.432827e+000;4.310720e+000;5.339550e+000;-3.492779e-001;-1.493743e+000;-2.723878e-001;-5.698785e+000;6.587204e-001;7.227958e-001;-1.946535e+000;-1.669033e+000;9.667462e-001;9.707222e-001;-1.106685e+000;-1.415528e+000;1.335570e+000;1.118131e+000;2.033519e+000;-7.927172e-001;1.160262e+000;2.135625e+000;-8.099707e-001;4.600250e-001;-4.178235e-001;3.585557e-001;1.139515e-001;-5.653553e-001;-3.667206e-001
'unknown';0.870000;-3.004236e+001;-9.085753e+000;-3.807410e+000;1.684747e+001;-1.531733e+001;-2.833471e+001;1.243411e+001;-3.007288e+001;-1.014282e+001;-6.632505e+000;-1.279714e+001;4.189423e+000;4.011906e+000;-7.611263e+000;3.132182e+000;-4.687205e+000;8.436777e+000;-1.225667e+001;-3.747268e+000;1.359601e+000;1.072986e+002;2.974498e+000;-3.204671e+000;-7.499421e-001;-1.254233e+000;6.896106e+000;1.335487e+000;-8.589556e+000;-1.003278e+000;1.342629e+000;2.191828e-002;6.579093e-001;-6.556389e+000;-5.157802e+000;4.797350e+000;-6.389444e+000;2.039883e+000;3.407505e+000;-8.123140e-002;-2.231671e-001;-2.186047e-001;-6.166496e+000;-4.331354e-001;8.815147e-001;-2.415099e+000;-2.770019e+000;-8.248690e-001;1.398237e+000;-1.308379e-002;-7.318161e-001;6.105987e-001;1.975468e+000;2.694664e+000;1.236997e+000;3.243425e+000;1.589059e+000;1.619504e-001;-7.769474e-001;-1.987355e+000;5.818613e-001;6.289006e-001;-4.047663e-001;-2.959108e-003
'unknown';0.880000;-2.807408e+001;-1.025646e+001;-7.824534e+000;1.297084e+001;-9.042177e+000;-2.358761e+001;-2.309851e+000;-4.117393e+001;-8.518485e+000;-5.485022e+000;-3.287271e+001;-1.415235e+001;-5.357590e+000;-7.622218e+000;-4.462729e+000;9.172790e-001;1.093404e+001;-6.007874e+000;-4.554528e+000;-8.573198e-001;1.020421e+002;2.733174e+000;-2.316417e+000;-5.119395e+000;-5.105931e+000;5.151769e+000;4.211028e+000;-7.811731e+000;-8.245011e-002;2.284276e+000;2.402035e+000;6.267018e+000;-1.788857e+000;4.353069e-001;6.930757e+000;-4.665250e+000;1.754898e+000;-2.871477e-001;-6.267711e-001;2.373676e-001;-1.096862e+000;-5.916888e+000;-8.796431e-001;1.046292e+000;-1.217051e+000;-1.481001e+000;-1.434855e+000;1.201669e+000;1.435915e+000;2.025143e+000;-2.805015e-001;8.247315e-001;2.392395e+000;2.911200e+000;2.979153e+000;-5.718393e-002;1.091314e+000;-1.536917e+000;-2.673824e+000;1.337020e-001;6.954702e-001;4.152167e-002;3.841878e-001
'unknown';0.890000;-2.574972e+001;-1.357951e+001;-2.026747e+001;5.925596e-001;-4.626514e+000;-1.924580e+001;-1.275191e+001;-3.748260e+001;-2.731561e+000;2.440515e+000;7.943684e-001;-7.249620e+000;6.710096e+000;2.576812e+000;-1.724745e+001;-5.223063e+000;9.179874e+000;-9.900949e+000;-2.188383e+000;6.506872e-001;9.522775e+001;7.515917e-001;-9.293952e-001;-4.649361e+000;-6.067740e+000;3.539289e+000;4.187650e+000;-6.465945e+000;2.371470e+000;4.103609e-001;1.482123e+000;6.016393e+000;1.401601e+000;3.288495e+000;4.509582e+000;-2.561635e+000;-8.207329e-001;-3.587346e+000;8.143677e-001;1.111356e+000;-7.141973e-001;-5.184947e+000;-9.271496e-001;1.509828e+000;8.750957e-001;4.233686e-001;-1.159856e+000;3.030203e-001;2.252234e+000;3.003802e+000;-2.788327e-001;-8.866280e-001;-7.293954e-001;2.109790e+000;9.694747e-001;-1.893259e+000;2.224797e+000;-1.273737e+000;-2.004300e+000;2.393771e-001;3.745376e-001;1.590697e-001;7.113575e-001
'unknown';0.900000;-2.452353e+001;-1.323502e+001;-2.501267e+001;-3.728010e+000;2.020809e+000;-1.269903e+001;-1.151048e+001;-3.665558e+001;-9.462520e+000;5.677150e+000;9.020575e+000;1.572732e+000;7.456003e+000;1.242882e+001;-6.579062e+000;-1.251126e+000;7.656608e-001;-1.270709e+001;-1.843830e+000;-2.441931e+000;8.965004e+001;-6.704903e-002;6.832632e-001;-6.262530e-001;-1.785622e+000;2.558767e+000;4.321186e+000;-1.747236e+000;9.069185e+000;-1.001873e+000;-8.945425e-001;4.552756e+000;3.338174e+000;1.600031e+000;4.346823e-001;-8.901600e-001;-1.943557e+000;-4.532143e+000;-1.285672e-001;1.316346e+000;1.830168e-001;-4.268621e+000;-7.481340e-001;1.409192e+000;2.128260e+000;1.297638e+000;-1.034440e+000;-9.314755e-001;2.565045e+000;2.207687e+000;2.845577e-002;-1.462803e+000;-2.105903e+000;4.235573e-001;-5.415550e-001;-2.499057e+000;1.354841e+000;-8.984478e-001;-6.997462e-002;4.267090e-001;1.493130e-001;3.115692e-001;7.348244e-001
'unknown';0.910000;-2.805967e+001;-1.224345e+001;-1.846015e+001;-5.141807e+000;-3.152378e+000;-1.284075e+001;-1.529530e+001;-2.047470e+001;-7.618994e+000;-4.802976e+000;-3.661819e+000;3.334888e+000;1.404758e+001;4.911125e+000;-8.617826e+000;-7.706667e+000;-4.415759e+000;-4.835227e+000;4.541632e-001;-1.419080e+000;8.756994e+001;-2.611380e-001;2.844627e+000;1.378966e+000;-7.975439e-001;2.393327e+000;2.795509e+000;-3.606358e-001;9.439915e+000;1.591540e+000;-2.762933e+000;-2.131937e+000;1.429046e+000;-8.927907e-001;-1.420909e+000;2.846993e+000;-2.479576e+000;-4.491495e+000;8.665521e-001;1.110032e+000;-6.319560e-002;-3.433842e+000;-1.836657e-001;8.948550e-001;1.766226e+000;1.361534e+000;-8.031905e-001;-1.093237e+000;2.805446e+000;2.913912e-001;3.657315e-001;-5.308182e-001;-1.278432e+000;-4.760703e-001;-9.774339e-001;-1.438158e+000;5.078484e-001;7.588445e-002;1.401305e+000;1.994935e-001;-1.893810e-001;1.024020e-001;5.734489e-001
'unknown';0.920000;-2.725435e+001;-7.508178e+000;-1.185946e+001;6.909907e+000;3.014590e+000;-5.184206e+000;-9.774338e+000;-4.331955e+000;-1.108413e+001;-6.335989e+000;-7.880836e+000;-2.753729e+000;-1.026177e+000;-6.615963e+000;-1.322834e+001;-7.558705e+000;-4.928854e+000;-9.183572e+000;7.059309e-001;1.092648e+000;8.452794e+001;-5.011311e-001;2.842531e+000;2.507740e+000;-1.252840e+000;5.525497e-001;2.497200e-001;1.960840e+000;7.421764e+000;1.835965e+000;-2.789452e+000;-1.883319e-001;3.152070e-001;-1.818257e-001;-2.599285e+000;-5.953604e-001;-1.907920e+000;-1.849462e-001;1.480682e+000;9.845946e-001;1.354833e-001;-3.118318e+000;8.829174e-003;7.087932e-002;7.951172e-001;6.691498e-001;-8.902338e-001;-9.782591e-001;2.206169e+000;-1.756389e+000;1.155432e-001;4.875637e-001;-2.207136e-001;-5.245963e-001;-1.002651e-001;-1.313199e-001;-1.449879e-001;5.778617e-001;1.761314e+000;4.119531e-001;-3.315724e-001;-1.163387e-001;5.104834e-001
'unknown';0.930000;-2.569000e+001;-2.219797e+000;-1.994925e+001;-8.714119e+000;6.843229e+000;-9.025672e+000;-1.542316e+001;-6.444847e+000;6.036945e+000;-5.367581e+000;-1.414612e+000;2.058842e+000;6.487232e+000;4.994657e+000;3.121521e-001;-1.446715e+001;-1.043034e+001;-7.329948e+000;2.086895e+000;-1.432580e+000;8.061959e+001;5.030403e-002;2.465246e+000;2.614775e+000;4.735360e-001;5.264450e-001;7.571980e-001;5.707249e+000;4.652137e+000;8.200998e-001;-2.245131e-001;1.994779e+000;5.327329e-001;-7.077463e-001;-1.164224e+000;-1.697925e-001;-4.591295e-001;1.245583e+000;1.007210e+000;3.303269e-001;-1.784204e-001;-2.892853e+000;3.665995e-002;-6.602209e-001;4.520564e-001;1.176969e+000;-8.336048e-001;-2.090553e-001;1.701281e+000;-1.738968e+000;-9.353263e-001;9.274198e-001;4.349220e-001;-1.953869e-001;1.212631e-001;8.668804e-002;-7.968343e-001;8.025702e-001;1.293049e+000;9.726468e-002;-3.647210e-001;4.284364e-003;6.206442e-001
'unknown';0.940000;-2.821402e+001;-4.034189e+000;-1.172942e+001;-8.206056e+000;-2.142468e-001;-1.335797e+001;-1.642343e+000;-6.561687e+000;-7.110665e+000;-7.987807e+000;6.955312e+000;3.786790e+000;1.032705e+001;-6.093694e-001;-1.402085e+001;-7.410480e+000;2.848221e+000;-4.056321e+000;2.262777e+000;-1.757765e+000;7.753362e+001;-1.786242e-001;1.227350e+000;2.731429e+000;9.245868e-001;-9.589612e-001;4.490463e-001;6.249669e+000;2.681131e+000;-3.843651e-002;2.740661e-001;1.385830e+000;1.163350e+000;1.006184e+000;-3.502602e-001;-1.067067e-001;-6.447162e-002;1.405890e+000;1.860869e+000;4.833668e-002;-3.410642e-001;-1.986698e+000;1.067149e-001;-6.847206e-001;-1.591599e-001;1.122669e+000;-2.127081e-001;3.749971e-001;6.993417e-002;-1.219526e+000;-5.997745e-001;7.301093e-001;-5.587046e-001;-1.558505e-001;-2.007007e-001;2.929243e-001;1.959136e-001;3.820141e-001;-1.667200e-001;-2.128384e-001;-2.919121e-001;4.526695e-002;7.860740e-001
'unknown';0.950000;-2.732832e+001;-1.654216e+000;-5.451294e+000;4.783854e+000;1.094266e+000;-4.967874e+000;9.174952e+000;3.900850e+000;-5.505228e+000;-5.099633e+000;-1.105995e+000;2.728293e+000;4.832238e+000;-3.913290e+000;-9.070534e+000;-1.007643e+001;-2.076381e+000;-2.362800e+000;1.327375e+000;-8.859755e-001;7.660283e+001;-2.390917e-001;3.511134e-001;3.527403e+000;3.998585e+000;-1.018942e+000;1.650570e+000;6.001352e+000;3.115393e+000;-2.147891e+000;3.424070e-001;-7.444075e-001;2.804048e-002;-8.804799e-001;-2.111981e+000;-1.381505e+000;6.115508e-001;1.178332e+000;1.162782e+000;-2.454443e-001;1.964999e-001;-8.964317e-001;2.551573e-002;-5.681847e-001;-6.705352e-001;7.263231e-002;1.677736e-002;-2.854226e-002;-1.550071e+000;-9.892896e-001;-1.280676e-001;7.525949e-002;-6.987650e-001;-2.440515e-001;-6.896533e-002;2.017923e-001;1.436355e-001;4.495414e-002;-4.881977e-001;-3.536586e-001;-8.960710e-002;8.722628e-002;7.586247e-001
